flow_id,source,target,source_detail,target_detail,label,flow_family,quantity,unit,reference_year,geography,data_status,render_quantitative,contributes_to_stage_balance,default_visibility,aggregation_group,product_class,is_final_product_end_of_use,balance_group,measurement_role,source_id,source_name,source_url,source_record,methodology_note,scope_note,mapping_confidence,last_verified,excluded_from_default_scope,notes,estimates,associated_sources,display_title,what_is_represented,ecological_impact,recovery_process,hover_summary,source_display
UK-STRUCT-001,Virgin Resources,Extraction,,,Virgin Resources → Extraction,StructuralRelationship,,,,,unresolved_structural_relationship,false,false,structural,primary_backbone,,,,structural_required,,,,,Required conceptual relationship in the linear-fabrication backbone. Quantified material streams overlay this relationship where evidence exists.,Always retain visually; render as a low-opacity/hatched not-to-scale connection if no quantitative stream occupies the relationship.,high,2026-07-24,false,,,,Virgin Resources → Extraction,A non-quantified structural link showing virgin material entering extraction or harvesting.,"The link keeps the linear sequence visible, but no ecological consequence or material quantity is assigned to it.",Not applicable,Known system relationship | Quantity unresolved | Not to scale,No direct quantitative source — conceptual or structural relationship
UK-STRUCT-002,Extraction,Material Processing,,,Extraction → Material Processing,StructuralRelationship,,,,,unresolved_structural_relationship,false,false,structural,primary_backbone,,,,structural_required,,,,,Required conceptual relationship in the linear-fabrication backbone. Quantified material streams overlay this relationship where evidence exists.,Always retain visually; render as a low-opacity/hatched not-to-scale connection if no quantitative stream occupies the relationship.,high,2026-07-24,false,,,,Extraction → Material Processing,"A non-quantified structural link showing extracted material moving into refining, preparation or primary processing.","The link keeps the linear sequence visible, but no ecological consequence or material quantity is assigned to it.",Not applicable,Known system relationship | Quantity unresolved | Not to scale,No direct quantitative source — conceptual or structural relationship
UK-STRUCT-003,Material Processing,Fabrication / Manufacture,,,Material Processing → Fabrication / Manufacture,StructuralRelationship,,,,,unresolved_structural_relationship,false,false,structural,primary_backbone,,,,structural_required,,,,,Required conceptual relationship in the linear-fabrication backbone. Quantified material streams overlay this relationship where evidence exists.,Always retain visually; render as a low-opacity/hatched not-to-scale connection if no quantitative stream occupies the relationship.,high,2026-07-24,false,,,,Material Processing → Fabrication / Manufacture,A non-quantified structural link showing processed feedstocks moving into product and component manufacture.,"The link keeps the linear sequence visible, but no ecological consequence or material quantity is assigned to it.",Not applicable,Known system relationship | Quantity unresolved | Not to scale,No direct quantitative source — conceptual or structural relationship
UK-STRUCT-004,Fabrication / Manufacture,Use / Consumption,,,Fabrication / Manufacture → Use / Consumption,StructuralRelationship,,,,,unresolved_structural_relationship,false,false,structural,primary_backbone,,,,structural_required,,,,,Required conceptual relationship in the linear-fabrication backbone. Quantified material streams overlay this relationship where evidence exists.,Always retain visually; render as a low-opacity/hatched not-to-scale connection if no quantitative stream occupies the relationship.,high,2026-07-24,false,,,,Fabrication / Manufacture → Use / Consumption,"A non-quantified structural link showing manufactured products entering service, ownership or consumption.","The link keeps the linear sequence visible, but no ecological consequence or material quantity is assigned to it.",Not applicable,Known system relationship | Quantity unresolved | Not to scale,No direct quantitative source — conceptual or structural relationship
UK-STRUCT-005,Use / Consumption,End of Use,,,Use / Consumption → End of Use,StructuralRelationship,,,,,unresolved_structural_relationship,false,false,structural,primary_backbone,,,,structural_required,,,,,Required conceptual relationship in the linear-fabrication backbone. Quantified material streams overlay this relationship where evidence exists.,Always retain visually; render as a low-opacity/hatched not-to-scale connection if no quantitative stream occupies the relationship.,high,2026-07-24,false,,,,Use / Consumption → End of Use,A non-quantified structural link showing products leaving their current use and entering end-of-use routes.,"The link keeps the linear sequence visible, but no ecological consequence or material quantity is assigned to it.",Not applicable,Known system relationship | Quantity unresolved | Not to scale,No direct quantitative source — conceptual or structural relationship
UK-AGG-001,Virgin Resources,Extraction,,,Primary construction aggregates,Material,159.3,Mt,2024,Great Britain,source_supported,true,false,primary,aggregates,Construction Aggregates,,gb_aggregates_2024,selected_evidence_stream,MPA_PROFILE_2025,Mineral Products Association — Profile of the UK Mineral Products Industry 2025,https://mineralproducts.org/MPA/media/root/Publications/2025/Profile_of_the_UK_Mineral_Products_Industry_2025.pdf,2024 GB primary aggregate supply: 109.3 Mt crushed rock + 50.0 Mt sand/gravel,Primary aggregate supply figure. It is not the total mass of all UK virgin materials.,Strong structural-material stream.,high,2026-07-24,,,,,Primary construction aggregates,The reported supply of primary crushed rock and sand/gravel entering the Great Britain construction-aggregate system.,"Using recovered aggregate can reduce demand for quarrying and disposal, but extraction, crushing and transport still disturb land, use energy and generate dust and emissions.",Not applicable,"159.3 Mt primary aggregates | Crushed rock and sand/gravel | Great Britain, 2024",Mineral Products Association — Profile of the UK Mineral Products Industry 2025 (data: 2024)
UK-AGG-002,Extraction,Material Processing,,,Primary aggregates entering material supply,Material,,Mt,2024,Great Britain,derived_from_source_supported,true,false,primary,aggregates,Construction Aggregates,,gb_aggregates_2024,stage_transfer_proxy,MPA_PROFILE_2025,Mineral Products Association — Profile 2025,https://mineralproducts.org/MPA/media/root/Publications/2025/Profile_of_the_UK_Mineral_Products_Industry_2025.pdf,,Stage-transfer estimate: the 159.3 Mt primary aggregate supply is carried from Extraction to Material Processing/Supply for diagrammatic continuity. This does not imply every tonne undergoes a distinct industrial processing step.,Designer stage mapping of a source-supported quantity.,medium,2026-07-24,,,159.3,https://mineralproducts.org/MPA/media/root/Publications/2025/Profile_of_the_UK_Mineral_Products_Industry_2025.pdf,Primary aggregates entering material supply,A stage-transfer value carrying the reported primary aggregate supply into material processing and supply.,"Using recovered aggregate can reduce demand for quarrying and disposal, but extraction, crushing and transport still disturb land, use energy and generate dust and emissions.",Not applicable,"159.3 Mt aggregates | Derived stage transfer | Great Britain, 2024",Mineral Products Association — Profile 2025 (data: 2024)
UK-AGG-003,End of Use,Material Processing,,,Recycled & secondary aggregates,Material,74.7,Mt,2024,Great Britain,source_supported,true,false,primary,aggregates,Recycled Construction Aggregates,,gb_aggregates_2024,circular_input,MPA_PROFILE_2025,Mineral Products Association — Profile 2025,https://mineralproducts.org/MPA/media/root/Publications/2025/Profile_of_the_UK_Mineral_Products_Industry_2025.pdf,74.7 Mt recycled and secondary aggregates used in 2024,A real recovered-material input. This is a useful large-scale return loop.,Recycled/secondary aggregates accounted for just under a third of total GB aggregate supply.,high,2026-07-24,,,,,Recycled & secondary aggregates,Recovered construction minerals and secondary materials used as aggregate supply.,"Using recovered aggregate can reduce demand for quarrying and disposal, but extraction, crushing and transport still disturb land, use energy and generate dust and emissions.",Recovered secondary material,"74.7 Mt recovered aggregate | Returns to material supply | Great Britain, 2024",Mineral Products Association — Profile 2025 (data: 2024)
UK-AGG-004,Material Processing,Fabrication / Manufacture,,,Aggregate supply to construction/fabrication,Material,,Mt,2024,Great Britain,derived,true,false,primary,aggregates,Construction Aggregates,,gb_aggregates_2024,derived_combined_supply,MPA_PROFILE_2025,Mineral Products Association — Profile 2025,https://mineralproducts.org/MPA/media/root/Publications/2025/Profile_of_the_UK_Mineral_Products_Industry_2025.pdf,,Derived as 159.3 Mt primary + 74.7 Mt recycled/secondary = 234.0 Mt total aggregate supply.,Do not add cement or concrete constituent streams to this as though they are independent mass; some streams overlap conceptually.,high,2026-07-24,,,234.0,https://mineralproducts.org/MPA/media/root/Publications/2025/Profile_of_the_UK_Mineral_Products_Industry_2025.pdf,Aggregate supply to construction/fabrication,The combined primary and recovered aggregate supply available to construction and fabrication.,"Using recovered aggregate can reduce demand for quarrying and disposal, but extraction, crushing and transport still disturb land, use energy and generate dust and emissions.",Not applicable,"234 Mt aggregate supply | Primary + recovered material | Great Britain, 2024",Mineral Products Association — Profile 2025 (data: 2024)
UK-AGG-005,Fabrication / Manufacture,Use / Consumption,,,Aggregates incorporated into construction,Material,,Mt,2024,Great Britain,designer_estimate_stage_transfer,true,false,primary,aggregates,Built Structures,,gb_aggregates_2024,stage_transfer_proxy,MPA_PROFILE_2025,Mineral Products Association — Profile 2025,https://mineralproducts.org/MPA/media/root/Publications/2025/Profile_of_the_UK_Mineral_Products_Industry_2025.pdf,,First-order design estimate carrying the 234.0 Mt aggregate supply into construction/use. It assumes the annual aggregate supply is substantially incorporated into built works; it is not a measured stock-addition figure.,"Use as a broad material-throughput picture, not a strict national material balance.",medium,2026-07-24,,,234.0,https://mineralproducts.org/MPA/media/root/Publications/2025/Profile_of_the_UK_Mineral_Products_Industry_2025.pdf,Aggregates incorporated into construction,A design estimate of aggregate supply incorporated into construction works and built structures.,"Using recovered aggregate can reduce demand for quarrying and disposal, but extraction, crushing and transport still disturb land, use energy and generate dust and emissions.",Not applicable,"234 Mt aggregate use estimate | Incorporated into construction | Great Britain, 2024",Mineral Products Association — Profile 2025 (data: 2024)
UK-MIN-001,Virgin Resources,Extraction,,,Crushed rock extracted,Material,118.752,Mt,2024,UK landmass,source_supported,true,false,drilldown,minerals_drilldown,Crushed Rock,,bgs_minerals_2024,constituent_drilldown,BGS_MINERALS_2025,British Geological Survey — UK Minerals Yearbook / MineralsUK,https://www.bgs.ac.uk/mineralsuk/statistics/uk/,2024 crushed rock extraction 118.752 Mt,Part of BGS mineral extraction statistics; may overlap conceptually with the aggregate overview.,,high,2026-07-24,,,,,Crushed rock extracted,The reported mass of crushed rock extracted from the UK landmass.,"Mineral extraction can alter landforms, habitats, water conditions and local air quality; the cited source reports quantity rather than a site-specific ecological assessment.",Not applicable,"118.752 Mt crushed rock | Extracted mineral | UK, 2024",British Geological Survey — UK Minerals Yearbook / MineralsUK (data: 2024)
UK-MIN-002,Virgin Resources,Extraction,,,Land-won sand & gravel,Material,38.817,Mt,2024,UK landmass,source_supported,true,false,drilldown,minerals_drilldown,Sand & Gravel,,bgs_minerals_2024,constituent_drilldown,BGS_MINERALS_2025,British Geological Survey — MineralsUK,https://www.bgs.ac.uk/mineralsuk/statistics/uk/,2024 land-won sand & gravel 38.817 Mt,,,high,2026-07-24,,,,,Land-won sand & gravel,The reported mass of sand and gravel extracted from land-based UK sites.,"Mineral extraction can alter landforms, habitats, water conditions and local air quality; the cited source reports quantity rather than a site-specific ecological assessment.",Not applicable,"38.817 Mt land-won sand and gravel | UK, 2024",British Geological Survey — MineralsUK (data: 2024)
UK-MIN-003,Virgin Resources,Extraction,,,Marine-dredged sand & gravel,Material,16.955,Mt,2024,UK Continental Shelf,source_supported,true,false,drilldown,minerals_drilldown,Sand & Gravel,,bgs_minerals_2024,constituent_drilldown,BGS_MINERALS_2025,British Geological Survey — MineralsUK,https://www.bgs.ac.uk/mineralsuk/statistics/uk/,2024 marine-dredged sand & gravel 16.955 Mt,,,high,2026-07-24,,,,,Marine-dredged sand & gravel,The reported mass of sand and gravel dredged from the UK Continental Shelf.,"Mineral extraction can alter landforms, habitats, water conditions and local air quality; the cited source reports quantity rather than a site-specific ecological assessment.",Not applicable,16.955 Mt marine aggregate | Dredged material | 2024,British Geological Survey — MineralsUK (data: 2024)
UK-MIN-004,Virgin Resources,Extraction,,,Industrial minerals,Material,8.4,Mt,2024,UK landmass,source_supported,true,false,drilldown,minerals_drilldown,Industrial Minerals,,bgs_minerals_2024,constituent_drilldown,BGS_MINERALS_2025,British Geological Survey — MineralsUK,https://www.bgs.ac.uk/mineralsuk/statistics/uk/,2024 industrial minerals excluding crushed-rock industrial uses 8.4 Mt,,,high,2026-07-24,,,,,Industrial minerals,"The reported mass of industrial minerals extracted in the UK, excluding crushed-rock industrial uses.","Mineral extraction can alter landforms, habitats, water conditions and local air quality; the cited source reports quantity rather than a site-specific ecological assessment.",Not applicable,8.4 Mt industrial minerals | UK extraction | 2024,British Geological Survey — MineralsUK (data: 2024)
UK-CEM-001,Virgin Resources,Extraction,,,Limestone-equivalent input for cement,Material,,Mt,2024,Great Britain / upstream equivalent,designer_estimate_mit_scaled,true,false,secondary,cement,Cement / Mineral Products,,gb_cement_2024,estimated_upstream_input,DBT_CEMENT_2026+MIT_GLOBAL,DBT building materials statistics + MIT global Sankey ratio,https://www.gov.uk/government/statistics/building-materials-and-components-statistics-march-2026/construction-building-materials-commentary-march-2026,GB cement production 7.3 Mt in 2024,"Estimate = 7.3 Mt GB cement production × (MIT global limestone input 4,900 / cement+mortar output 4,100) = 8.724 Mt limestone-equivalent. Not a reported UK limestone consumption figure.",Explicit designer estimate to populate an upstream relationship.,low-medium,2026-07-24,,,8.724,https://www.gov.uk/government/statistics/building-materials-and-components-statistics-march-2026/construction-building-materials-commentary-march-2026 | MIT test dataset: limestone 4900 Mt → cement/mortar 4100 Mt,Limestone-equivalent input for cement,"An estimated limestone-equivalent input associated with Great Britain cement production, scaled from a global limestone-to-cement relationship.","Cement and limestone supply are associated with quarrying, fuel use and process emissions; reuse of existing structures and lower-clinker systems can reduce demand, but this flow does not measure those benefits.",Not applicable,8.724 Mt limestone-equivalent | Estimate for cement input | 2024,DBT building materials statistics + MIT global Sankey ratio (data: 2024)
UK-CEM-002,Material Processing,Fabrication / Manufacture,,,Cement produced,Material,7.3,Mt,2024,Great Britain,source_supported,true,false,secondary,cement,Cement,,gb_cement_2024,selected_evidence_stream,DBT_CEMENT_2026,Department for Business and Trade — Building Materials Statistics,https://www.gov.uk/government/statistics/building-materials-and-components-statistics-march-2026/construction-building-materials-commentary-march-2026,2024 cement production 7.3 Mt,,,high,2026-07-24,,,,,Cement produced,The reported mass of cement produced in Great Britain.,"Cement and limestone supply are associated with quarrying, fuel use and process emissions; reuse of existing structures and lower-clinker systems can reduce demand, but this flow does not measure those benefits.",Not applicable,"7.3 Mt cement produced | Great Britain, 2024",Department for Business and Trade — Building Materials Statistics (data: 2024)
UK-CEM-003,Fabrication / Manufacture,Use / Consumption,,,Cement sold from UK production,Material,7.1,Mt,2024,UK,source_supported,true,false,secondary,cement,Built Structures,,uk_cement_sales_2024,selected_evidence_stream,MPA_PROFILE_2025,Mineral Products Association — Profile 2025,https://mineralproducts.org/MPA/media/root/Publications/2025/Profile_of_the_UK_Mineral_Products_Industry_2025.pdf,2024 cement sales from UK production 7.1 Mt,Sales from UK production; imports are additional and are not included in this ribbon.,,high,2026-07-24,,,,,Cement sold from UK production,The reported mass of cement sold from UK production into construction use.,"Cement and limestone supply are associated with quarrying, fuel use and process emissions; reuse of existing structures and lower-clinker systems can reduce demand, but this flow does not measure those benefits.",Not applicable,"7.1 Mt UK-produced cement sold | UK, 2024",Mineral Products Association — Profile 2025 (data: 2024)
UK-CEM-004,Fabrication / Manufacture,Use / Consumption,,,Cement to ready-mixed concrete,Material,,Mt,2024,UK,derived_from_source_supported,true,false,drilldown,cement_channels,Ready-mixed Concrete,,uk_cement_sales_2024,constituent_drilldown,MPA_PROFILE_2025,Mineral Products Association — Profile 2025,https://mineralproducts.org/MPA/media/root/Publications/2025/Profile_of_the_UK_Mineral_Products_Industry_2025.pdf,,58% of 7.1 Mt UK-produced cement sales = 4.118 Mt.,,high,2026-07-24,,,4.118,https://mineralproducts.org/MPA/media/root/Publications/2025/Profile_of_the_UK_Mineral_Products_Industry_2025.pdf,Cement to ready-mixed concrete,A derived allocation of UK-produced cement sales entering ready-mixed concrete.,"Cement use carries quarrying and process-emissions burdens into concrete production. Efficient structural design, lower-clinker binders and long service life can reduce demand, but this allocation does not measure those outcomes.",Not applicable,"4.118 Mt cement | Ready-mixed concrete allocation | UK, 2024",Mineral Products Association — Profile 2025 (data: 2024)
UK-CEM-005,Fabrication / Manufacture,Use / Consumption,,,Cement to precast & mortar,Material,,Mt,2024,UK,derived_from_source_supported,true,false,drilldown,cement_channels,Precast / Mortar,,uk_cement_sales_2024,constituent_drilldown,MPA_PROFILE_2025,Mineral Products Association — Profile 2025,https://mineralproducts.org/MPA/media/root/Publications/2025/Profile_of_the_UK_Mineral_Products_Industry_2025.pdf,,24% of 7.1 Mt = 1.704 Mt.,,high,2026-07-24,,,1.704,https://mineralproducts.org/MPA/media/root/Publications/2025/Profile_of_the_UK_Mineral_Products_Industry_2025.pdf,Cement to precast & mortar,A derived allocation of UK-produced cement sales entering precast products and mortar.,"Cement used in precast products and mortar carries quarrying, heat and process-emissions impacts. Factory control may reduce waste, but the ecological outcome depends on binder content, lifespan and end-of-use recovery.",Not applicable,"1.704 Mt cement | Precast and mortar allocation | UK, 2024",Mineral Products Association — Profile 2025 (data: 2024)
UK-MINPROD-001,Material Processing,Fabrication / Manufacture,,,Asphalt produced,Material,23.5,Mt,2024,UK,source_supported,true,false,drilldown,mineral_products,Asphalt,,uk_asphalt_2024,selected_evidence_stream,MPA_PROFILE_2025,Mineral Products Association — Profile 2025,https://mineralproducts.org/MPA/media/root/Publications/2025/Profile_of_the_UK_Mineral_Products_Industry_2025.pdf,Estimated UK asphalt production 23.5 Mt in 2024,,,high,2026-07-24,,,,,Asphalt produced,The reported estimated mass of asphalt produced in the UK.,"Production relies on mineral extraction, heat and transport. Ecological effects vary by feedstock, energy source, site and the service life of the finished product.",Not applicable,23.5 Mt asphalt | UK production | 2024,Mineral Products Association — Profile 2025 (data: 2024)
UK-MINPROD-002,Fabrication / Manufacture,Use / Consumption,,,Ready-mixed concrete produced,MaterialVolume,21.9,million m3,2024,UK,source_supported,true,false,drilldown,mineral_products_volume,Ready-mixed Concrete,,uk_ready_mix_2024,separate_unit_family,MPA_PROFILE_2025,Mineral Products Association — Profile 2025,https://mineralproducts.org/MPA/media/root/Publications/2025/Profile_of_the_UK_Mineral_Products_Industry_2025.pdf,Estimated UK ready-mixed concrete production 21.9 million m3 in 2024,Separate volume family; do not add to Mt-based ribbons.,,high,2026-07-24,,,,,Ready-mixed concrete produced,The reported volume of ready-mixed concrete produced in the UK.,"Concrete production combines mineral extraction, cement-related emissions, water use and transport; the volume figure does not itself describe ecological performance.",Not applicable,"21.9 million m³ ready-mixed concrete | UK, 2024",Mineral Products Association — Profile 2025 (data: 2024)
UK-BRICK-001,Fabrication / Manufacture,Use / Consumption,,,Clay bricks produced,ProductCount,1.331,billion bricks,2024,Great Britain,source_supported,true,false,drilldown,bricks,Bricks,,gb_bricks_2024,separate_unit_family,DBT_BUILDING_MATERIALS_2026,DBT Building Materials Statistics,https://www.gov.uk/government/statistics/building-materials-and-components-statistics-march-2026/construction-building-materials-commentary-march-2026,"2024 domestic brick production 1,331 million bricks",Count-based family; do not convert to tonnes unless a documented average mass method is added.,,high,2026-07-24,,,,,Clay bricks produced,The reported number of clay bricks produced domestically in Great Britain.,Clay extraction and kiln firing can disturb land and consume substantial heat; long service life and direct reuse can reduce replacement demand.,Not applicable,"1.331 billion clay bricks | Great Britain, 2024",DBT Building Materials Statistics (data: 2024)
UK-STEEL-001,Virgin Resources,Extraction,,,Iron ore-equivalent upstream input,Material,,Mt,2024,UK-attributable upstream estimate,designer_estimate_mit_scaled,true,false,primary,steel,Steel,,uk_steel_2024_estimate,estimated_upstream_input,WORLDSTEEL_UK+MIT_GLOBAL,World Steel / UK steel evidence + MIT global Sankey relationship,https://worldsteel.org/data/world-steel-in-figures/world-steel-in-figures-2026/,,Estimate = UK crude steel production 4.0 Mt × (MIT global iron ore 2500 / downstream steel 1875) = 5.333 Mt iron-ore equivalent. This is not reported UK ore consumption and includes upstream extraction outside the UK.,Used to make upstream material intensity visible. UK metal ore extraction itself is negligible relative to use.,low,2026-07-24,,,5.333,https://worldsteel.org/data/world-steel-in-figures/world-steel-in-figures-2026/ | MIT test dataset steel ratio,Iron ore-equivalent upstream input,An estimate of the upstream iron-ore requirement associated with UK crude-steel production.,"Steel production can involve ore extraction, high-temperature energy use and greenhouse-gas emissions. Scrap use can reduce primary ore demand, but remelting still requires energy.",Not applicable,5.333 Mt iron-ore equivalent | Global ratio scaled to UK steel | 2024,World Steel / UK steel evidence + MIT global Sankey relationship (data: 2024)
UK-STEEL-002,Extraction,Material Processing,,,Iron ore-equivalent to steel processing,Material,,Mt,2024,UK-attributable upstream estimate,designer_estimate_mit_scaled,true,false,primary,steel,Steel,,uk_steel_2024_estimate,estimated_stage_transfer,WORLDSTEEL_UK+MIT_GLOBAL,World Steel / UK steel evidence + MIT global Sankey relationship,https://worldsteel.org/data/world-steel-in-figures/world-steel-in-figures-2026/,,Carries the same 5.333 Mt upstream equivalent into the processing stage; not a measured UK import flow.,,low,2026-07-24,,,5.333,https://worldsteel.org/data/world-steel-in-figures/world-steel-in-figures-2026/ | MIT test dataset steel ratio,Iron ore-equivalent to steel processing,The same estimated iron-ore-equivalent quantity carried into the steel-processing stage; it is not a measured UK import flow.,"Steel production can involve ore extraction, high-temperature energy use and greenhouse-gas emissions. Scrap use can reduce primary ore demand, but remelting still requires energy.",Not applicable,5.333 Mt iron-ore equivalent | Estimated processing input | 2024,World Steel / UK steel evidence + MIT global Sankey relationship (data: 2024)
UK-STEEL-003,Material Processing,Fabrication / Manufacture,,,Crude steel produced,Material,4.0,Mt,2024,UK,source_supported,true,false,primary,steel,Steel,,uk_steel_2024,selected_evidence_stream,UK_STEEL_2026,UK Government / Steel strategy evidence,https://www.gov.uk/government/publications/steel-strategy/the-uk-steel-strategy-web-version,UK steel production in 2024 approximately 4 Mt,Domestic crude steel output. Finished steel demand is higher because the UK is a net importer.,,high,2026-07-24,,,,,Crude steel produced,The reported approximate mass of crude steel produced in the UK.,"Steel production can involve ore extraction, high-temperature energy use and greenhouse-gas emissions. Scrap use can reduce primary ore demand, but remelting still requires energy.",Not applicable,4 Mt crude steel | UK production | 2024,UK Government / Steel strategy evidence (data: 2024)
UK-STEEL-004,Fabrication / Manufacture,Use / Consumption,,,Finished steel demand,Material,8.55,Mt,2024,UK,source_supported,true,false,primary,steel,Steel-containing products / structures,,uk_steel_demand_2024,market_use_stream,UK_STEEL_DEMAND_2026,UK Steel Strategy Demand Assessment,https://assets.publishing.service.gov.uk/media/69afe1ee917847c0a4c89a28/uk-steel-strategy-demand-assessment-2025-executive-summary.pdf,Historical finished steel demand 2024 = 8.55 Mtpa,"Demand includes imported steel, so it intentionally exceeds UK crude-steel production.",,high,2026-07-24,,,,,Finished steel demand,"The reported demand for finished steel used in the UK, including imported steel.","Steel production can involve ore extraction, high-temperature energy use and greenhouse-gas emissions. Scrap use can reduce primary ore demand, but remelting still requires energy.",Not applicable,"8.55 Mt finished steel demand | UK, 2024",UK Steel Strategy Demand Assessment (data: 2024)
UK-STEEL-005,Use / Consumption,End of Use,,,Steel scrap arising,Material,,Mt,current strategy estimate,UK,range_midpoint_estimate,true,false,primary,steel_end_of_use,Steel-containing products / structures,true,uk_steel_scrap_current,end_of_use_stream,UK_STEEL_STRATEGY_2026,UK Steel Strategy / Primary Steelmaking Review,https://www.gov.uk/government/publications/steel-strategy/the-uk-steel-strategy-web-version,UK produces around 10–11 Mt steel scrap annually,"Midpoint estimate of reported 10–11 Mt annual scrap generation = 10.5 Mt. Scrap arises from products, vehicles, buildings and infrastructure placed into use in earlier years, so it need not equal current-year steel demand.",,high,2026-07-24,,,10.5,https://www.gov.uk/government/publications/steel-strategy/the-uk-steel-strategy-web-version | https://assets.publishing.service.gov.uk/media/690b868714b040dfe829237d/uk-primary-steelmaking-review-2025.pdf,Steel scrap arising,"The midpoint estimate of the annual mass of steel scrap arising from UK products, vehicles, buildings and infrastructure.","Steel scrap represents material that may be recovered rather than discarded, but the quantity comes from products made in earlier years and does not guarantee domestic recycling or direct reuse.",Not applicable,10.5 Mt steel scrap arising | Midpoint estimate | UK,UK Steel Strategy / Primary Steelmaking Review (data period: current strategy estimate; checked: 2026-07-24)
UK-STEEL-006,End of Use,Material Processing,,,Steel scrap used domestically,Material,2.2,Mt,current strategy estimate,UK,source_supported_approximate,true,false,primary,steel_end_of_use,Steel Scrap,,uk_steel_scrap_current,recycling_loop,UK_STEEL_STRATEGY_2026,UK Steel Strategy,https://www.gov.uk/government/publications/steel-strategy/the-uk-steel-strategy-web-version,Around 2.2 Mt steel scrap used domestically,,,high,2026-07-24,,,,,Steel scrap used domestically,The approximate mass of steel scrap used within UK steelmaking rather than leaving the domestic processing system.,"Domestic scrap use can reduce reliance on virgin ore and some primary processing, but remelting still requires energy and usually destroys the original component form.",Recycling,2.2 Mt steel scrap | Used domestically | Recycling,UK Steel Strategy (data period: current strategy estimate; checked: 2026-07-24)
UK-STEEL-007,End of Use,Export / Other Treatment,,,Steel scrap surplus / exported,Material,,Mt,current strategy estimate,UK,derived_estimate,true,false,secondary,steel_end_of_use,Steel Scrap,,uk_steel_scrap_current,terminal_or_export_flow,UK_STEEL_STRATEGY_2026,UK Steel Strategy / Primary Steelmaking Review,https://assets.publishing.service.gov.uk/media/690b868714b040dfe829237d/uk-primary-steelmaking-review-2025.pdf,,Derived midpoint remainder: 10.5 Mt estimated scrap generation − 2.2 Mt domestic use = 8.3 Mt. Government review states the remainder is largely exported; label remains 'surplus/export' rather than claiming every tonne is exported.,,medium-high,2026-07-24,,,8.3,https://www.gov.uk/government/publications/steel-strategy/the-uk-steel-strategy-web-version | https://assets.publishing.service.gov.uk/media/690b868714b040dfe829237d/uk-primary-steelmaking-review-2025.pdf,Steel scrap surplus / exported,The derived remainder of UK steel scrap not used domestically and understood to be largely exported or otherwise outside the represented route.,"Export may enable recycling elsewhere, but it moves material, energy use and environmental consequences outside the visible UK system and adds transport demand.",Not applicable,8.3 Mt steel scrap surplus | Largely exported or other route | UK,UK Steel Strategy / Primary Steelmaking Review (data period: current strategy estimate; checked: 2026-07-24)
UK-STEEL-USE-001,Fabrication / Manufacture,Use / Consumption,,,Steel to construction / structures,Material,,Mt,2024,UK,designer_estimate_mit_scaled,true,false,drilldown,steel_use_split,Construction / structures,,uk_steel_demand_2024,constituent_drilldown,UK_STEEL_DEMAND+MIT_GLOBAL,UK Steel Strategy Demand Assessment + MIT global Sankey allocation,https://assets.publishing.service.gov.uk/media/69afe1ee917847c0a4c89a28/uk-steel-strategy-demand-assessment-2025-executive-summary.pdf,,"Estimate = UK 2024 finished steel demand 8.55 Mt × MIT global downstream share 0.5200 = 4.446 Mt. This is an indicative design allocation, not a measured UK sector split.",,low-medium,2026-07-24,,,4.446,https://assets.publishing.service.gov.uk/media/69afe1ee917847c0a4c89a28/uk-steel-strategy-demand-assessment-2025-executive-summary.pdf | MIT test dataset steel downstream shares,Steel to construction / structures,An estimated share of UK finished-steel demand allocated to construction and structures.,"The ecological impact depends on steel production route, product life, maintenance and end-of-life recovery; this allocation estimates use, not environmental performance.",Not applicable,"4.446 Mt steel | Construction allocation estimate | UK, 2024",UK Steel Strategy Demand Assessment + MIT global Sankey allocation (data: 2024)
UK-STEEL-USE-002,Fabrication / Manufacture,Use / Consumption,,,Steel to transport equipment,Material,,Mt,2024,UK,designer_estimate_mit_scaled,true,false,drilldown,steel_use_split,Transport equipment,,uk_steel_demand_2024,constituent_drilldown,UK_STEEL_DEMAND+MIT_GLOBAL,UK Steel Strategy Demand Assessment + MIT global Sankey allocation,https://assets.publishing.service.gov.uk/media/69afe1ee917847c0a4c89a28/uk-steel-strategy-demand-assessment-2025-executive-summary.pdf,,"Estimate = UK 2024 finished steel demand 8.55 Mt × MIT global downstream share 0.1700 = 1.454 Mt. This is an indicative design allocation, not a measured UK sector split.",,low-medium,2026-07-24,,,1.454,https://assets.publishing.service.gov.uk/media/69afe1ee917847c0a4c89a28/uk-steel-strategy-demand-assessment-2025-executive-summary.pdf | MIT test dataset steel downstream shares,Steel to transport equipment,An estimated share of UK finished-steel demand allocated to transport equipment.,"The ecological impact depends on steel production route, product life, maintenance and end-of-life recovery; this allocation estimates use, not environmental performance.",Not applicable,"1.454 Mt steel | Transport equipment estimate | UK, 2024",UK Steel Strategy Demand Assessment + MIT global Sankey allocation (data: 2024)
UK-STEEL-USE-003,Fabrication / Manufacture,Use / Consumption,,,Steel to machinery,Material,,Mt,2024,UK,designer_estimate_mit_scaled,true,false,drilldown,steel_use_split,Machinery,,uk_steel_demand_2024,constituent_drilldown,UK_STEEL_DEMAND+MIT_GLOBAL,UK Steel Strategy Demand Assessment + MIT global Sankey allocation,https://assets.publishing.service.gov.uk/media/69afe1ee917847c0a4c89a28/uk-steel-strategy-demand-assessment-2025-executive-summary.pdf,,"Estimate = UK 2024 finished steel demand 8.55 Mt × MIT global downstream share 0.1600 = 1.368 Mt. This is an indicative design allocation, not a measured UK sector split.",,low-medium,2026-07-24,,,1.368,https://assets.publishing.service.gov.uk/media/69afe1ee917847c0a4c89a28/uk-steel-strategy-demand-assessment-2025-executive-summary.pdf | MIT test dataset steel downstream shares,Steel to machinery,An estimated share of UK finished-steel demand allocated to machinery.,"The ecological impact depends on steel production route, product life, maintenance and end-of-life recovery; this allocation estimates use, not environmental performance.",Not applicable,"1.368 Mt steel | Machinery allocation estimate | UK, 2024",UK Steel Strategy Demand Assessment + MIT global Sankey allocation (data: 2024)
UK-STEEL-USE-004,Fabrication / Manufacture,Use / Consumption,,,Steel to other manufactured products,Material,,Mt,2024,UK,designer_estimate_mit_scaled,true,false,drilldown,steel_use_split,Other manufactured products,,uk_steel_demand_2024,constituent_drilldown,UK_STEEL_DEMAND+MIT_GLOBAL,UK Steel Strategy Demand Assessment + MIT global Sankey allocation,https://assets.publishing.service.gov.uk/media/69afe1ee917847c0a4c89a28/uk-steel-strategy-demand-assessment-2025-executive-summary.pdf,,"Estimate = UK 2024 finished steel demand 8.55 Mt × MIT global downstream share 0.1500 = 1.282 Mt. This is an indicative design allocation, not a measured UK sector split.",,low-medium,2026-07-24,,,1.282,https://assets.publishing.service.gov.uk/media/69afe1ee917847c0a4c89a28/uk-steel-strategy-demand-assessment-2025-executive-summary.pdf | MIT test dataset steel downstream shares,Steel to other manufactured products,An estimated share of UK finished-steel demand allocated to other manufactured products.,"The ecological impact depends on steel production route, product life, maintenance and end-of-life recovery; this allocation estimates use, not environmental performance.",Not applicable,"1.282 Mt steel | Other manufactured products estimate | UK, 2024",UK Steel Strategy Demand Assessment + MIT global Sankey allocation (data: 2024)
UK-STEEL-ENE-001,Energy,Material Processing,,,Estimated energy for UK steelmaking,Energy,,Mtoe,2024,UK,international_intensity_estimate,true,false,drilldown,steel_energy,Steel,,steel_process_estimates_2024,sector_drilldown,WORLDSTEEL_INTENSITY_2026,World Steel Association sustainability indicators,https://worldsteel.org/data/world-steel-in-figures/world-steel-in-figures-2026/,,Estimate = 4.0 Mt UK crude steel × 20.95 GJ/t global average energy intensity = 83.8 PJ = 2.002 Mtoe. Actual UK route mix may differ substantially.,,low-medium,2026-07-24,,,2.002,https://worldsteel.org/data/world-steel-in-figures/world-steel-in-figures-2026/ | https://www.gov.uk/government/publications/steel-strategy/the-uk-steel-strategy-web-version,Estimated energy for UK steelmaking,"An estimate of energy used for UK steelmaking, calculated from UK output and a global average energy intensity.",Energy demand contributes to emissions and resource use according to the fuel and production route; the figure is an international-intensity estimate rather than a UK plant measurement.,Not applicable,2.002 Mtoe steelmaking energy | International intensity estimate | 2024,World Steel Association sustainability indicators (data: 2024)
UK-STEEL-CO2-001,Material Processing,Atmospheric Emissions,,,Estimated steelmaking CO2,Emissions,,MtCO2,2024,UK,international_intensity_estimate,true,false,drilldown,steel_emissions,Steel,,steel_process_estimates_2024,sector_drilldown,WORLDSTEEL_INTENSITY_2026,World Steel Association sustainability indicators,https://worldsteel.org/data/world-steel-in-figures/world-steel-in-figures-2026/,,Estimate = 4.0 Mt crude steel × 1.92 tCO2/t global average = 7.680 MtCO2. Do not add to an overview manufacturing-emissions estimate if that estimate already includes steel.,,low-medium,2026-07-24,,,7.680,https://worldsteel.org/data/world-steel-in-figures/world-steel-in-figures-2026/ | https://www.gov.uk/government/publications/steel-strategy/the-uk-steel-strategy-web-version,Estimated steelmaking CO₂,"An estimate of carbon-dioxide emissions from UK steelmaking, calculated from UK output and a global average emissions intensity.","This represents climate impact from steelmaking rather than material loss. Actual UK emissions depend on plant technology, fuel mix and production route.",Not applicable,"7.68 MtCO₂ steelmaking estimate | UK, 2024",World Steel Association sustainability indicators (data: 2024)
UK-WOOD-001,Virgin Resources,Extraction,,,UK-grown roundwood for material uses,Material,,Mt green,2024,UK,derived_from_source_supported,true,false,primary,wood,Timber / Wood Products,,uk_roundwood_2024,selected_evidence_stream,FORESTRY_STATS_2025,Forest Research — Forestry Statistics 2025,https://www.forestresearch.gov.uk/tools-and-resources/statistics/publications/forestry-statistics/forestry-statistics-2025/2025-2-uk-grown-timber/,,"Derived as 10.4 Mt green roundwood deliveries − 2.4 Mt woodfuel = 8.0 Mt green tonnes for sawmills, panels, pulp/paper and other uses. 'Other' may include exports/fencing/shavings, so not all 8.0 Mt becomes manufactured products.",,medium-high,2026-07-24,,,8.0,https://www.forestresearch.gov.uk/tools-and-resources/statistics/publications/forestry-statistics/forestry-statistics-2025/2025-2-uk-grown-timber/,UK-grown roundwood for material uses,The derived mass of UK-grown roundwood delivered for material uses after excluding reported woodfuel.,"Wood can be renewable when harvesting remains within forest regeneration and protects soils and habitats. Drying, processing, adhesives and transport still create impacts, and green-tonne figures do not describe forest condition.",Not applicable,"8 Mt green roundwood | Material uses | UK, 2024",Forest Research — Forestry Statistics 2025 (data: 2024)
UK-WOOD-002,Extraction,Material Processing,,,Roundwood entering material processing,Material,,Mt green,2024,UK,derived_from_source_supported,true,false,primary,wood,Timber / Wood Products,,uk_roundwood_2024,stage_transfer_proxy,FORESTRY_STATS_2025,Forest Research — Forestry Statistics 2025,https://www.forestresearch.gov.uk/tools-and-resources/statistics/publications/forestry-statistics/forestry-statistics-2025/2025-2-uk-grown-timber/,,Carries the 8.0 Mt green material-use roundwood estimate into processing.,,medium-high,2026-07-24,,,8.0,https://www.forestresearch.gov.uk/tools-and-resources/statistics/publications/forestry-statistics/forestry-statistics-2025/2025-2-uk-grown-timber/,Roundwood entering material processing,"The same estimated roundwood mass entering sawmilling, panels, pulp/paper and other material-processing routes.","Wood can be renewable when harvesting remains within forest regeneration and protects soils and habitats. Drying, processing, adhesives and transport still create impacts, and green-tonne figures do not describe forest condition.",Not applicable,"8 Mt green roundwood | Processing input | UK, 2024",Forest Research — Forestry Statistics 2025 (data: 2024)
UK-WOOD-003,Material Processing,Fabrication / Manufacture,,,Processed wood products — useful output estimate,Material,,Mt green-equivalent,2024,UK,designer_estimate_mit_scaled,true,false,primary,wood,Timber / Wood Products,,uk_roundwood_2024_estimate,estimated_output,FORESTRY_STATS+MIT_GLOBAL,Forest Research + MIT global Sankey wood-yield relationship,https://www.forestresearch.gov.uk/tools-and-resources/statistics/publications/forestry-statistics/forestry-statistics-2025/2025-2-uk-grown-timber/,,Estimate = 8.0 Mt green material-use roundwood × MIT useful-output ratio (460/560) = 6.571 Mt green-equivalent. Not a measured UK mass-yield.,,low-medium,2026-07-24,,,6.571,https://www.forestresearch.gov.uk/tools-and-resources/statistics/publications/forestry-statistics/forestry-statistics-2025/2025-2-uk-grown-timber/ | MIT test dataset wood relationship,Processed wood products — useful output estimate,An estimate of useful processed wood output using the yield relationship in the global MIT flow model.,"Wood can be renewable when harvesting remains within forest regeneration and protects soils and habitats. Drying, processing, adhesives and transport still create impacts, and green-tonne figures do not describe forest condition.",Not applicable,6.571 Mt green-equivalent wood products | Estimated useful output | 2024,Forest Research + MIT global Sankey wood-yield relationship (data: 2024)
UK-WOOD-004,Material Processing,Waste / Losses,,,Wood-processing residues estimate,Material,,Mt green-equivalent,2024,UK,designer_estimate_mit_scaled,true,false,secondary,wood,Wood Residues,,uk_roundwood_2024_estimate,estimated_loss_output,FORESTRY_STATS+MIT_GLOBAL,Forest Research + MIT global Sankey wood-yield relationship,https://www.forestresearch.gov.uk/tools-and-resources/statistics/publications/forestry-statistics/forestry-statistics-2025/2025-2-uk-grown-timber/,,"Estimate = 8.0 × MIT residue share (100/560) = 1.429 Mt green-equivalent. Some residues are useful co-products/energy feedstocks, so 'Waste/Losses' does not mean all is disposed.",,low,2026-07-24,,,1.429,https://www.forestresearch.gov.uk/tools-and-resources/statistics/publications/forestry-statistics/forestry-statistics-2025/2025-2-uk-grown-timber/ | MIT test dataset wood relationship,Wood-processing residues estimate,An estimate of wood-processing residues based on a global processing-yield relationship.,"Wood can be renewable when harvesting remains within forest regeneration and protects soils and habitats. Drying, processing, adhesives and transport still create impacts, and green-tonne figures do not describe forest condition.",Recovery unspecified,"1.429 Mt green-equivalent residues | Estimate | UK, 2024",Forest Research + MIT global Sankey wood-yield relationship (data: 2024)
UK-WOOD-005,Fabrication / Manufacture,Use / Consumption,,,Wood to construction estimate,Material,,Mt green-equivalent,2024,UK,designer_estimate_mit_scaled,true,false,drilldown,wood_use_split,Built Structures,,uk_roundwood_2024_estimate,constituent_drilldown,FORESTRY_STATS+MIT_GLOBAL,Forest Research + MIT global Sankey allocation,https://www.forestresearch.gov.uk/tools-and-resources/statistics/publications/forestry-statistics/forestry-statistics-2025/2025-2-uk-grown-timber/,,Estimate = 8.0 × MIT construction share (110/560) = 1.571 Mt green-equivalent.,,low,2026-07-24,,,1.571,https://www.forestresearch.gov.uk/tools-and-resources/statistics/publications/forestry-statistics/forestry-statistics-2025/2025-2-uk-grown-timber/ | MIT test dataset wood relationship,Wood to construction estimate,An estimated share of UK material-use roundwood allocated to construction products.,"Long-lived wood products can store biogenic carbon temporarily, but benefits depend on forest renewal, product life, treatment chemicals and the material displaced.",Not applicable,1.571 Mt green-equivalent wood | Construction estimate | 2024,Forest Research + MIT global Sankey allocation (data: 2024)
UK-WOOD-006,Fabrication / Manufacture,Use / Consumption,,,Wood to furniture / other products estimate,Material,,Mt green-equivalent,2024,UK,designer_estimate_mit_scaled,true,false,drilldown,wood_use_split,Furniture / Other Wood Products,,uk_roundwood_2024_estimate,constituent_drilldown,FORESTRY_STATS+MIT_GLOBAL,Forest Research + MIT global Sankey allocation,https://www.forestresearch.gov.uk/tools-and-resources/statistics/publications/forestry-statistics/forestry-statistics-2025/2025-2-uk-grown-timber/,,Estimate = 8.0 × MIT furniture/other share (350/560) = 5.000 Mt green-equivalent.,,low,2026-07-24,,,5.000,https://www.forestresearch.gov.uk/tools-and-resources/statistics/publications/forestry-statistics/forestry-statistics-2025/2025-2-uk-grown-timber/ | MIT test dataset wood relationship,Wood to furniture / other products estimate,An estimated share of UK material-use roundwood allocated to furniture and other wood products.,"Long-lived wood products can store biogenic carbon temporarily, but benefits depend on forest renewal, product life, treatment chemicals and the material displaced.",Not applicable,5 Mt green-equivalent wood | Furniture and other products estimate | 2024,Forest Research + MIT global Sankey allocation (data: 2024)
UK-WOOD-D001,Extraction,Material Processing,,,Roundwood to sawmills,Material,5.5,Mt green,2024,UK,source_supported,true,false,drilldown,wood_processors,Sawnwood,,uk_roundwood_2024,constituent_drilldown,FORESTRY_STATS_2025,Forest Research — Forestry Statistics 2025,https://www.forestresearch.gov.uk/tools-and-resources/statistics/publications/forestry-statistics/forestry-statistics-2025/2025-2-uk-grown-timber/,5.5 Mt green to sawmills,,,high,2026-07-24,,,,,Roundwood to sawmills,The reported mass of UK-grown roundwood delivered to sawmills.,"The ecological effect depends on forest management, yield, processing energy and how residues are used. The quantity alone does not establish sustainable forestry.",Not applicable,"5.5 Mt green roundwood | Sawmills | UK, 2024",Forest Research — Forestry Statistics 2025 (data: 2024)
UK-WOOD-D002,Extraction,Material Processing,,,Roundwood to wood-based panels,Material,1.3,Mt green,2024,UK,source_supported,true,false,drilldown,wood_processors,Wood-based Panels,,uk_roundwood_2024,constituent_drilldown,FORESTRY_STATS_2025,Forest Research — Forestry Statistics 2025,https://www.forestresearch.gov.uk/tools-and-resources/statistics/publications/forestry-statistics/forestry-statistics-2025/2025-2-uk-grown-timber/,1.3 Mt green to wood-based panels,,,high,2026-07-24,,,,,Roundwood to wood-based panels,The reported mass of UK-grown roundwood delivered to wood-based-panel production.,"The ecological effect depends on forest management, yield, processing energy and how residues are used. The quantity alone does not establish sustainable forestry.",Not applicable,"1.3 Mt green roundwood | Panel production | UK, 2024",Forest Research — Forestry Statistics 2025 (data: 2024)
UK-WOOD-D003,Extraction,Material Processing,,,Roundwood to integrated pulp & paper,Material,0.4,Mt green,2024,UK,source_supported,true,false,drilldown,wood_processors,Paper / Paperboard,,uk_roundwood_2024,constituent_drilldown,FORESTRY_STATS_2025,Forest Research — Forestry Statistics 2025,https://www.forestresearch.gov.uk/tools-and-resources/statistics/publications/forestry-statistics/forestry-statistics-2025/2025-2-uk-grown-timber/,0.4 Mt green to integrated pulp and paper,,,high,2026-07-24,,,,,Roundwood to integrated pulp & paper,The reported mass of UK-grown roundwood delivered to integrated pulp and paper mills.,"The ecological effect depends on forest management, yield, processing energy and how residues are used. The quantity alone does not establish sustainable forestry.",Not applicable,"0.4 Mt green roundwood | Pulp and paper | UK, 2024",Forest Research — Forestry Statistics 2025 (data: 2024)
UK-GLASS-001,Material Processing,Fabrication / Manufacture,,,Molten glass produced,Material,3.5,Mt,current sector estimate,UK,source_supported_approximate,true,false,primary,glass,Glass Products,,uk_glass_sector_current,selected_evidence_stream,DESNZ_GLASS_ELECTRIFICATION,DESNZ — Future opportunities for electrification to decarbonise UK industry,https://assets.publishing.service.gov.uk/media/67295df0541e1dfbf71e8b50/future-opportunities-for-electrification-to-decarbonise-uk-industry.pdf,UK glass industry produces 3.5 Mt molten glass/year,,,high,2026-07-24,,,,,Molten glass produced,The approximate annual mass of molten glass produced by the UK glass industry.,"Glass production requires mineral inputs and high-temperature heat. Reuse and high-quality recycling can reduce raw-material and furnace demand, while downcycling retains less functional value.",Not applicable,3.5 Mt molten glass | UK sector estimate,DESNZ — Future opportunities for electrification to decarbonise UK industry (data period: current sector estimate; checked: 2026-07-24)
UK-GLASS-002,Fabrication / Manufacture,Use / Consumption,,,Container glass estimate,Material,,Mt,current sector estimate,UK,derived_from_source_supported,true,false,drilldown,glass_use_split,Container Glass,,uk_glass_sector_current,constituent_drilldown,DESNZ_GLASS_ELECTRIFICATION,DESNZ glass sector report,https://assets.publishing.service.gov.uk/media/67295df0541e1dfbf71e8b50/future-opportunities-for-electrification-to-decarbonise-uk-industry.pdf,,65% of 3.5 Mt = 2.275 Mt container glass.,,medium-high,2026-07-24,,,2.275,https://assets.publishing.service.gov.uk/media/67295df0541e1dfbf71e8b50/future-opportunities-for-electrification-to-decarbonise-uk-industry.pdf,Container glass estimate,A derived estimate of the share of UK molten-glass output made into container glass.,"The ecological impact depends on furnace energy, recycled-content levels, product lifespan and whether the glass can return to equivalent use.",Not applicable,2.275 Mt container glass | Derived sector share | UK,DESNZ glass sector report (data period: current sector estimate; checked: 2026-07-24)
UK-GLASS-003,Fabrication / Manufacture,Use / Consumption,,,Flat glass estimate,Material,,Mt,current sector estimate,UK,derived_from_source_supported,true,false,primary,glass_use_split,Flat Glass / Buildings / Vehicles,,uk_glass_sector_current,constituent_drilldown,DESNZ_GLASS_ELECTRIFICATION,DESNZ glass sector report,https://assets.publishing.service.gov.uk/media/67295df0541e1dfbf71e8b50/future-opportunities-for-electrification-to-decarbonise-uk-industry.pdf,,30% of 3.5 Mt = 1.05 Mt flat glass.,,medium-high,2026-07-24,,,1.050,https://assets.publishing.service.gov.uk/media/67295df0541e1dfbf71e8b50/future-opportunities-for-electrification-to-decarbonise-uk-industry.pdf,Flat glass estimate,A derived estimate of the share of UK molten-glass output made into flat glass for buildings and vehicles.,"The ecological impact depends on furnace energy, recycled-content levels, product lifespan and whether the glass can return to equivalent use.",Not applicable,1.05 Mt flat glass | Derived sector share | UK,DESNZ glass sector report (data period: current sector estimate; checked: 2026-07-24)
UK-GLASS-004,Use / Consumption,End of Use,,,End-of-life flat glass,Material,0.75,Mt,report estimate,UK,source_supported_approximate,true,false,primary,glass_end_of_use,Flat Glass,true,uk_flat_glass_eou,end_of_use_stream,DEFRA_GLASS_RESOURCE_EFFICIENCY,Defra — Unlocking Resource Efficiency Phase 2 Glass Report,https://assets.publishing.service.gov.uk/media/6620f15777a30aa0c4757dc0/unlocking-resource-efficiency-phase-2-glass-report.pdf,"~750,000 t end-of-life flat glass annually",,,high,2026-07-24,,,,,End-of-life flat glass,The approximate annual mass of flat glass reaching end of life in the UK.,"Keeping glass out of landfill can retain material value, but collection and reprocessing require energy; downcycling may avoid disposal without restoring the original function.",Not applicable,0.75 Mt end-of-life flat glass | UK report estimate,Defra — Unlocking Resource Efficiency Phase 2 Glass Report (data period: report estimate; checked: 2026-07-24)
UK-GLASS-005,End of Use,Landfill,,,Flat glass landfilled,Material,0.5,Mt,report estimate,UK,source_supported_approximate,true,false,secondary,glass_end_of_use,Flat Glass,,uk_flat_glass_eou,terminal_flow,DEFRA_GLASS_RESOURCE_EFFICIENCY,Defra — Unlocking Resource Efficiency Phase 2 Glass Report,https://assets.publishing.service.gov.uk/media/6620f15777a30aa0c4757dc0/unlocking-resource-efficiency-phase-2-glass-report.pdf,"~500,000 t flat glass sent to landfill",,,high,2026-07-24,,,,,Flat glass landfilled,The approximate mass of end-of-life flat glass sent to landfill.,"Keeping glass out of landfill can retain material value, but collection and reprocessing require energy; downcycling may avoid disposal without restoring the original function.",Not applicable,0.5 Mt flat glass | Landfilled | UK report estimate,Defra — Unlocking Resource Efficiency Phase 2 Glass Report (data period: report estimate; checked: 2026-07-24)
UK-GLASS-006,End of Use,Material Processing,,,Flat glass recycled/downcycled,Material,0.25,Mt,report estimate,UK,source_supported_approximate,true,false,secondary,glass_end_of_use,Flat Glass,,uk_flat_glass_eou,recycling_loop,DEFRA_GLASS_RESOURCE_EFFICIENCY,Defra — Unlocking Resource Efficiency Phase 2 Glass Report,https://assets.publishing.service.gov.uk/media/6620f15777a30aa0c4757dc0/unlocking-resource-efficiency-phase-2-glass-report.pdf,"~250,000 t primarily recycled/downcycled as aggregate",Much is downcycled rather than closed-loop glass-to-glass recycling.,,high,2026-07-24,,,,,Flat glass recycled/downcycled,"Approximately 250,000 tonnes of end-of-life flat glass routed into recycling or lower-grade aggregate applications.","Keeping glass out of landfill can retain material value, but collection and reprocessing require energy; downcycling may avoid disposal without restoring the original function.",Downcycling,0.25 Mt flat glass | Mostly downcycled as aggregate | UK report estimate,Defra — Unlocking Resource Efficiency Phase 2 Glass Report (data period: report estimate; checked: 2026-07-24)
UK-GLASS-ENE-001,Energy,Material Processing,,,Glass-sector natural gas,Energy,6.0,TWh,report estimate,UK,source_supported_approximate,true,false,drilldown,glass_energy,Glass,,uk_glass_energy,sector_drilldown,DESNZ_GLASS_ELECTRIFICATION,DESNZ glass electrification report,https://assets.publishing.service.gov.uk/media/67295df0541e1dfbf71e8b50/future-opportunities-for-electrification-to-decarbonise-uk-industry.pdf,Around 6 TWh/year natural gas consumption,Separate TWh energy family; do not add directly to Mtoe ribbons unless converted consistently.,,high,2026-07-24,,,,,Glass-sector natural gas,The approximate annual natural-gas demand of the UK glass sector.,"The ecological impact is determined mainly by fuel source and furnace efficiency; natural gas produces direct emissions, while electricity impacts depend on generation mix.",Not applicable,6 TWh natural gas | UK glass sector,DESNZ glass electrification report (data period: report estimate; checked: 2026-07-24)
UK-GLASS-ENE-002,Energy,Material Processing,,,Glass-sector electricity,Energy,1.0,TWh,report estimate,UK,source_supported_approximate,true,false,drilldown,glass_energy,Glass,,uk_glass_energy,sector_drilldown,DESNZ_GLASS_ELECTRIFICATION,DESNZ glass electrification report,https://assets.publishing.service.gov.uk/media/67295df0541e1dfbf71e8b50/future-opportunities-for-electrification-to-decarbonise-uk-industry.pdf,Around 1 TWh/year electricity demand,,,high,2026-07-24,,,,,Glass-sector electricity,The approximate annual electricity demand of the UK glass sector.,"The ecological impact is determined mainly by fuel source and furnace efficiency; natural gas produces direct emissions, while electricity impacts depend on generation mix.",Not applicable,1 TWh electricity | UK glass sector,DESNZ glass electrification report (data period: report estimate; checked: 2026-07-24)
UK-GLASS-CO2-001,Material Processing,Atmospheric Emissions,,,Glass manufacturing CO2,Emissions,1.3,MtCO2,report estimate,UK,source_supported_approximate,true,false,drilldown,glass_emissions,Glass,,uk_glass_emissions,sector_drilldown,DESNZ_GLASS_ELECTRIFICATION,DESNZ glass electrification report,https://assets.publishing.service.gov.uk/media/67295df0541e1dfbf71e8b50/future-opportunities-for-electrification-to-decarbonise-uk-industry.pdf,UK glass sector around 1.3 MtCO2/year,Do not add to an overview manufacturing-emissions estimate that already includes glass.,,high,2026-07-24,,,,,Glass manufacturing CO₂,The approximate annual carbon-dioxide emissions attributed to UK glass manufacturing.,"This is a direct climate-impact flow from glass manufacture; it does not include all upstream extraction, transport or downstream impacts.",Not applicable,1.3 MtCO₂ | UK glass manufacturing,DESNZ glass electrification report (data period: report estimate; checked: 2026-07-24)
UK-PLAS-001,Use / Consumption,End of Use,,,Plastic waste arisings — historical benchmark,Material,3.7,Mt,2019,UK,source_supported_estimate,true,false,drilldown,plastics,Plastic Products,true,uk_plastics_2019,historical_benchmark,WRAP_PLASTICS_2019,WRAP Plastics Market Situation Report 2019,https://www.wrap.ngo/resources/market-situation-reports/plastics-2019,"Overall UK plastics arisings around 3.7 Mt; packaging 2.2 Mt (59%), non-packaging 1.5 Mt",,,high,2026-07-24,,,,,Plastic waste arisings — historical benchmark,"A historical estimate of total UK plastic-waste arisings, including packaging and non-packaging plastics.","Most conventional plastics rely on fossil feedstocks and can persist in the environment. Recycling can reduce some virgin production, but contamination, additives and quality loss limit repeated circulation.",Not applicable,3.7 Mt plastic waste | Historical UK benchmark | 2019,WRAP Plastics Market Situation Report 2019 (data: 2019)
UK-PLAS-002,Use / Consumption,End of Use,,,Estimated contemporary total plastics arisings,Material,,Mt,2024 proxy,UK,designer_estimate_historical_ratio,true,false,primary,plastics,Plastic Products,true,uk_plastics_2024_proxy,estimated_current_proxy,DEFRA_PACKAGING_2024+WRAP_PLASTICS_2019,Defra packaging data + WRAP historical plastics composition,https://www.gov.uk/government/statistics/uk-waste-data/uk-statistics-on-waste,,Estimate = 2024 plastic packaging waste 2.149 Mt / historical 59% packaging share = 3.642 Mt total plastics arisings. Assumes 2019 packaging share remains representative; use cautiously.,,low,2026-07-24,,,3.642,https://www.gov.uk/government/statistics/uk-waste-data/uk-statistics-on-waste | https://www.wrap.ngo/resources/market-situation-reports/plastics-2019,Estimated contemporary total plastics arisings,A contemporary estimate of total UK plastic-waste arisings derived from 2024 packaging waste and a historical packaging share.,"Most conventional plastics rely on fossil feedstocks and can persist in the environment. Recycling can reduce some virgin production, but contamination, additives and quality loss limit repeated circulation.",Not applicable,"3.642 Mt plastic waste | Historical-ratio estimate | UK, 2024 proxy",Defra packaging data + WRAP historical plastics composition (data: 2024 proxy)
UK-PLAS-003,Use / Consumption,End of Use,,,Estimated non-packaging plastic arisings,Material,,Mt,2024 proxy,UK,designer_estimate_historical_ratio,true,false,drilldown,plastics,Non-packaging Plastic Products,true,uk_plastics_2024_proxy,constituent_drilldown,DEFRA_PACKAGING_2024+WRAP_PLASTICS_2019,Defra packaging data + WRAP historical plastics composition,https://www.gov.uk/government/statistics/uk-waste-data/uk-statistics-on-waste,,Estimated total 3.642 − packaging 2.149 = 1.493 Mt.,,low,2026-07-24,,,1.493,https://www.gov.uk/government/statistics/uk-waste-data/uk-statistics-on-waste | https://www.wrap.ngo/resources/market-situation-reports/plastics-2019,Estimated non-packaging plastic arisings,The estimated non-packaging share of contemporary UK plastic-waste arisings.,"Most conventional plastics rely on fossil feedstocks and can persist in the environment. Recycling can reduce some virgin production, but contamination, additives and quality loss limit repeated circulation.",Not applicable,"1.493 Mt non-packaging plastic | Estimate | UK, 2024 proxy",Defra packaging data + WRAP historical plastics composition (data: 2024 proxy)
UK-PKG-001,Use / Consumption,End of Use,,,Packaging waste arising,Material,10.844,Mt,2024,UK,source_supported_methodology_2,true,false,secondary,packaging,Packaging,true,uk_packaging_method2_2024,overlapping_secondary_stream,DEFRA_UK_WASTE_2025,Defra UK statistics on waste,https://www.gov.uk/government/statistics/uk-waste-data/uk-statistics-on-waste,2024 Methodology 2 total packaging waste arising 10.844 Mt,"Overlaps plastic, glass, wood, metal and paper material families; do not add to those streams as though independent.",,high,2026-07-24,,,,,Packaging waste arising,"The reported total mass of UK packaging waste arising across metal, paper/card, glass, plastic, wood and other materials.","Packaging impacts depend on material, weight, reuse, collection and treatment. A high recycling total does not by itself show closed-loop recovery or elimination of litter and leakage.",Not applicable,"10.844 Mt packaging waste | Mixed materials | UK, 2024",Defra UK statistics on waste (data: 2024)
UK-PKG-002,End of Use,Material Processing,,,Packaging recycled,Material,8.154,Mt,2024,UK,source_supported,true,false,secondary,packaging,Packaging,,uk_packaging_method2_2024,recycling_loop,DEFRA_UK_WASTE_2025,Defra UK statistics on waste,https://www.gov.uk/government/statistics/uk-waste-data/uk-statistics-on-waste,2024 packaging recycled 8.154 Mt,,,high,2026-07-24,,,,,Packaging recycled,The reported total mass of UK packaging recorded as recycled across several material types.,"Packaging impacts depend on material, weight, reuse, collection and treatment. A high recycling total does not by itself show closed-loop recovery or elimination of litter and leakage.",Recycling,"8.154 Mt packaging recycled | Mixed materials | UK, 2024",Defra UK statistics on waste (data: 2024)
UK-PKG-003,End of Use,Other Treatment / Losses,,,Packaging not recycled / other treatment,Material,,Mt,2024,UK,derived_from_source_supported,true,false,secondary,packaging,Packaging,,uk_packaging_method2_2024,derived_terminal_flow,DEFRA_UK_WASTE_2025,Defra UK statistics on waste,https://www.gov.uk/government/statistics/uk-waste-data/uk-statistics-on-waste,,Derived = 10.844 Mt waste arising − 8.154 Mt recycled = 2.690 Mt. This is NOT labelled landfill because it may include incineration/other treatment.,,high,2026-07-24,,,2.690,https://www.gov.uk/government/statistics/uk-waste-data/uk-statistics-on-waste,Packaging not recycled / other treatment,The derived mass of packaging not recorded as recycled and therefore assigned to other treatment or loss routes.,"Packaging impacts depend on material, weight, reuse, collection and treatment. A high recycling total does not by itself show closed-loop recovery or elimination of litter and leakage.",Recovery unspecified,"2.69 Mt packaging | Not recorded as recycled | UK, 2024",Defra UK statistics on waste (data: 2024)
UK-PKG-D001,Use / Consumption,End of Use,,,Metal packaging,Material,0.668,Mt,2024,UK,source_supported_methodology_2,true,false,drilldown,packaging_materials,Metal packaging,true,uk_packaging_method2_2024,constituent_drilldown,DEFRA_UK_WASTE_2025,Defra UK statistics on waste,https://www.gov.uk/government/statistics/uk-waste-data/uk-statistics-on-waste,,Constituent of the packaging total; never add on top of total packaging ribbon.,,high,2026-07-24,,,,,Metal packaging,The reported mass of metal packaging waste arising in the UK.,The ecological outcome varies by packaging material and recovery route; the quantity is a constituent of the packaging total and must not be added to it as an independent flow.,Not applicable,"0.668 Mt metal packaging waste | UK, 2024",Defra UK statistics on waste (data: 2024)
UK-PKG-R001,End of Use,Material Processing,,,Metal packaging recycled,Material,0.536,Mt,2024,UK,source_supported,true,false,drilldown,packaging_materials,Metal packaging,,uk_packaging_method2_2024,constituent_drilldown,DEFRA_UK_WASTE_2025,Defra UK statistics on waste,https://www.gov.uk/government/statistics/uk-waste-data/uk-statistics-on-waste,,,,high,2026-07-24,,,,,Metal packaging recycled,The reported mass of metal packaging recorded as recycled in the UK.,The ecological outcome varies by packaging material and recovery route; the quantity is a constituent of the packaging total and must not be added to it as an independent flow.,Recycling,"0.536 Mt metal packaging recycled | UK, 2024",Defra UK statistics on waste (data: 2024)
UK-PKG-D002,Use / Consumption,End of Use,,,Paper/card packaging,Material,4.709,Mt,2024,UK,source_supported_methodology_2,true,false,drilldown,packaging_materials,Paper/card packaging,true,uk_packaging_method2_2024,constituent_drilldown,DEFRA_UK_WASTE_2025,Defra UK statistics on waste,https://www.gov.uk/government/statistics/uk-waste-data/uk-statistics-on-waste,,Constituent of the packaging total; never add on top of total packaging ribbon.,,high,2026-07-24,,,,,Paper and card packaging,The reported mass of paper and card packaging waste arising in the UK.,The ecological outcome varies by packaging material and recovery route; the quantity is a constituent of the packaging total and must not be added to it as an independent flow.,Not applicable,"4.709 Mt paper/card packaging waste | UK, 2024",Defra UK statistics on waste (data: 2024)
UK-PKG-R002,End of Use,Material Processing,,,Paper/card packaging recycled,Material,4.069,Mt,2024,UK,source_supported,true,false,drilldown,packaging_materials,Paper/card packaging,,uk_packaging_method2_2024,constituent_drilldown,DEFRA_UK_WASTE_2025,Defra UK statistics on waste,https://www.gov.uk/government/statistics/uk-waste-data/uk-statistics-on-waste,,,,high,2026-07-24,,,,,Paper and card packaging recycled,The reported mass of paper and card packaging recorded as recycled in the UK.,The ecological outcome varies by packaging material and recovery route; the quantity is a constituent of the packaging total and must not be added to it as an independent flow.,Recycling,"4.069 Mt paper/card packaging recycled | UK, 2024",Defra UK statistics on waste (data: 2024)
UK-PKG-D003,Use / Consumption,End of Use,,,Glass packaging,Material,2.189,Mt,2024,UK,source_supported_methodology_2,true,false,drilldown,packaging_materials,Glass packaging,true,uk_packaging_method2_2024,constituent_drilldown,DEFRA_UK_WASTE_2025,Defra UK statistics on waste,https://www.gov.uk/government/statistics/uk-waste-data/uk-statistics-on-waste,,Constituent of the packaging total; never add on top of total packaging ribbon.,,high,2026-07-24,,,,,Glass packaging,The reported mass of glass packaging waste arising in the UK.,The ecological outcome varies by packaging material and recovery route; the quantity is a constituent of the packaging total and must not be added to it as an independent flow.,Not applicable,"2.189 Mt glass packaging waste | UK, 2024",Defra UK statistics on waste (data: 2024)
UK-PKG-R003,End of Use,Material Processing,,,Glass packaging recycled,Material,1.759,Mt,2024,UK,source_supported,true,false,drilldown,packaging_materials,Glass packaging,,uk_packaging_method2_2024,constituent_drilldown,DEFRA_UK_WASTE_2025,Defra UK statistics on waste,https://www.gov.uk/government/statistics/uk-waste-data/uk-statistics-on-waste,,,,high,2026-07-24,,,,,Glass packaging recycled,The reported mass of glass packaging recorded as recycled in the UK.,The ecological outcome varies by packaging material and recovery route; the quantity is a constituent of the packaging total and must not be added to it as an independent flow.,Recycling,"1.759 Mt glass packaging recycled | UK, 2024",Defra UK statistics on waste (data: 2024)
UK-PKG-D004,Use / Consumption,End of Use,,,Plastic packaging,Material,2.149,Mt,2024,UK,source_supported_methodology_2,true,false,drilldown,packaging_materials,Plastic packaging,true,uk_packaging_method2_2024,constituent_drilldown,DEFRA_UK_WASTE_2025,Defra UK statistics on waste,https://www.gov.uk/government/statistics/uk-waste-data/uk-statistics-on-waste,,Constituent of the packaging total; never add on top of total packaging ribbon.,,high,2026-07-24,,,,,Plastic packaging,The reported mass of plastic packaging waste arising in the UK.,The ecological outcome varies by packaging material and recovery route; the quantity is a constituent of the packaging total and must not be added to it as an independent flow.,Not applicable,"2.149 Mt plastic packaging waste | UK, 2024",Defra UK statistics on waste (data: 2024)
UK-PKG-R004,End of Use,Material Processing,,,Plastic packaging recycled,Material,1.154,Mt,2024,UK,source_supported,true,false,drilldown,packaging_materials,Plastic packaging,,uk_packaging_method2_2024,constituent_drilldown,DEFRA_UK_WASTE_2025,Defra UK statistics on waste,https://www.gov.uk/government/statistics/uk-waste-data/uk-statistics-on-waste,,,,high,2026-07-24,,,,,Plastic packaging recycled,The reported mass of plastic packaging recorded as recycled in the UK.,The ecological outcome varies by packaging material and recovery route; the quantity is a constituent of the packaging total and must not be added to it as an independent flow.,Recycling,"1.154 Mt plastic packaging recycled | UK, 2024",Defra UK statistics on waste (data: 2024)
UK-PKG-D005,Use / Consumption,End of Use,,,Wood packaging,Material,1.106,Mt,2024,UK,source_supported_methodology_2,true,false,drilldown,packaging_materials,Wood packaging,true,uk_packaging_method2_2024,constituent_drilldown,DEFRA_UK_WASTE_2025,Defra UK statistics on waste,https://www.gov.uk/government/statistics/uk-waste-data/uk-statistics-on-waste,,Constituent of the packaging total; never add on top of total packaging ribbon.,,high,2026-07-24,,,,,Wood packaging,The reported mass of wood packaging waste arising in the UK.,The ecological outcome varies by packaging material and recovery route; the quantity is a constituent of the packaging total and must not be added to it as an independent flow.,Not applicable,"1.106 Mt wood packaging waste | UK, 2024",Defra UK statistics on waste (data: 2024)
UK-PKG-R005,End of Use,Material Processing,,,Wood packaging recycled,Material,0.634,Mt,2024,UK,source_supported,true,false,drilldown,packaging_materials,Wood packaging,,uk_packaging_method2_2024,constituent_drilldown,DEFRA_UK_WASTE_2025,Defra UK statistics on waste,https://www.gov.uk/government/statistics/uk-waste-data/uk-statistics-on-waste,,,,high,2026-07-24,,,,,Wood packaging recycled,The reported mass of wood packaging recorded as recycled in the UK.,The ecological outcome varies by packaging material and recovery route; the quantity is a constituent of the packaging total and must not be added to it as an independent flow.,Recycling,"0.634 Mt wood packaging recycled | UK, 2024",Defra UK statistics on waste (data: 2024)
UK-PKG-D006,Use / Consumption,End of Use,,,Other packaging,Material,0.023,Mt,2024,UK,source_supported_methodology_2,true,false,drilldown,packaging_materials,Other packaging,true,uk_packaging_method2_2024,constituent_drilldown,DEFRA_UK_WASTE_2025,Defra UK statistics on waste,https://www.gov.uk/government/statistics/uk-waste-data/uk-statistics-on-waste,,Constituent of the packaging total; never add on top of total packaging ribbon.,,high,2026-07-24,,,,,Other packaging,"The reported mass of packaging classified outside the main metal, paper/card, glass, plastic and wood categories.",The ecological outcome varies by packaging material and recovery route; the quantity is a constituent of the packaging total and must not be added to it as an independent flow.,Not applicable,"0.023 Mt other packaging waste | UK, 2024",Defra UK statistics on waste (data: 2024)
UK-TEX-001,Fabrication / Manufacture,Use / Consumption,,,New textile products consumed,Material,1.42,Mt,2022,UK,source_supported,true,false,primary,textiles,Textiles / Apparel,,uk_textiles_2022,market_use_stream,WRAP_TEXTILES_2024,WRAP Textiles Market Situation Report 2024,https://www.wrap.ngo/resources/report/textiles-market-situation-report-2024,UK consumed 1.42 Mt new textile products in 2022,Consumption includes imported products; it is mapped through Fabrication/Manufacture as the product-market inflow rather than implying all textiles were manufactured domestically.,,medium-high,2026-07-24,,,,,New textile products consumed,"The reported mass of new textile products consumed in the UK, including imported products.","Textiles can involve fibre production, water and chemical use, energy, microfibre release and waste. Longer use and direct reuse generally retain more value than fibre recycling.",Not applicable,"1.42 Mt new textiles consumed | UK, 2022",WRAP Textiles Market Situation Report 2024 (data: 2022)
UK-TEX-002,Use / Consumption,End of Use,,,Used textiles generated,Material,1.45,Mt,2022,UK,source_supported_estimate,true,false,primary,textiles,Textiles / Apparel,true,uk_textiles_2022,end_of_use_stream,WRAP_TEXTILES_2024,WRAP Textiles Market Situation Report 2024,https://www.wrap.ngo/resources/report/textiles-market-situation-report-2024,1.45 Mt used textiles generated in UK in 2022,,,high,2026-07-24,,,,,Used textiles generated,"The estimated mass of used textile products generated in the UK and entering collection, reuse or disposal routes.","Textiles can involve fibre production, water and chemical use, energy, microfibre release and waste. Longer use and direct reuse generally retain more value than fibre recycling.",Not applicable,"1.45 Mt used textiles generated | UK, 2022",WRAP Textiles Market Situation Report 2024 (data: 2022)
UK-TEX-003,End of Use,Reuse / Recycling,,,Textiles diverted to reuse/recycling,Material,0.65,Mt,2022,UK,source_supported_estimate,true,false,primary,textiles,Textiles / Apparel,,uk_textiles_2022,reuse_recycling_flow,WRAP_TEXTILES_2024,WRAP,https://www.wrap.ngo/resources/guide/textiles-resource-hierarchy-product-reuse,"Estimated 650,000 t post-consumer textiles collected for diversion from end-of-life in 2022",,,high,2026-07-24,,,,,Textiles diverted to reuse/recycling,The estimated mass of post-consumer textiles collected for diversion from end-of-life through a combined reuse or recycling route; the split is not reported.,"Textiles can involve fibre production, water and chemical use, energy, microfibre release and waste. Longer use and direct reuse generally retain more value than fibre recycling.",Combined reuse or recycling,"0.65 Mt textiles | Reuse or recycling split not reported | UK, 2022",WRAP (data: 2022)
UK-TEX-004,End of Use,Landfill / Incineration,,,Textiles discarded in general waste,Material,0.711,Mt,2021 / annual benchmark,UK,source_supported_estimate,true,false,secondary,textiles,Textiles / Apparel,,uk_textiles_general_waste_2021,terminal_flow,WRAP_TEXTILES_PACT,WRAP UK Textiles Pact,https://www.wrap.ngo/take-action/uk-textiles-pact,"711,000 t post-consumer textiles discarded in general waste annually",General waste is ultimately landfill/incineration; do not force this 2021/annual benchmark to balance exactly against the 2022 generation figure.,,high,2026-07-24,,,,,Textiles discarded in general waste,The estimated mass of post-consumer textiles discarded in general waste and ultimately directed to landfill or incineration.,"Textiles can involve fibre production, water and chemical use, energy, microfibre release and waste. Longer use and direct reuse generally retain more value than fibre recycling.",Not applicable,0.711 Mt textiles | General waste | UK annual benchmark,WRAP UK Textiles Pact (data: 2021 / annual benchmark)
UK-FURN-001,Use / Consumption,End of Use,,,Furniture & furnishings disposed,Material,0.861,Mt,2017,England,historical_proxy,true,false,secondary,furniture,Furniture / Furnishings,true,england_furniture_2017,historical_end_of_use_proxy,DEFRA_WASTE_PREVENTION_2023,Defra Waste Prevention Programme for England (citing WRAP),https://www.gov.uk/government/publications/waste-prevention-programme-for-england-maximising-resources-minimising-waste/the-waste-prevention-programme-for-england-maximising-resources-minimising-waste,"Over 861,000 t furniture incl. mattresses, carpets and underlay disposed in municipal residual waste, England 2017",Historical England-only proxy; never aggregate into a current UK total without harmonisation.,,high,2026-07-24,,,,,Furniture & furnishings disposed,"A historical England-only estimate of furniture, mattresses, carpets and underlay disposed through municipal residual waste.","Furniture combines mixed materials, adhesives and finishes that can make repair and separation difficult. Longer use and component reuse can avoid replacement and residual waste.",Not applicable,"0.861 Mt furniture and furnishings | Residual waste | England, 2017",Defra Waste Prevention Programme for England (citing WRAP) (data: 2017)
UK-WEEE-001,Use / Consumption,End of Use,,,Estimated WEEE generated,Material,,Mt,2019 benchmark,UK,international_report_estimate,true,false,primary,weee,Electrical / Electronic Equipment,true,uk_weee_estimate,estimated_end_of_use_stream,UN_EWASTE+UK_PARLIAMENT,Global E-waste Monitor estimate / UK Parliament context,https://publications.parliament.uk/pa/cm5801/cmselect/cmenvaud/220/22010.htm,,"Estimated 1.6 Mt WEEE generated in UK in 2019 from Global E-waste Monitor reporting. Use as an indicative scale, not a current official UK generation statistic.",,medium,2026-07-24,,,1.6,https://publications.parliament.uk/pa/cm5801/cmselect/cmenvaud/220/22010.htm | https://www.letsrecycle.com/news/uk-the-second-largest-producer-of-weee/,Estimated electrical and electronic waste generated,"An indicative estimate of electrical and electronic waste generated in the UK, based on an international e-waste benchmark.","Electrical and electronic products contain valuable and hazardous materials. Formal collection can improve recovery and reduce unsafe disposal, but collection does not guarantee complete material recycling.",Not applicable,"1.6 Mt electrical and electronic waste | Estimate | UK, 2019 benchmark",Global E-waste Monitor estimate / UK Parliament context (data: 2019 benchmark)
UK-WEEE-002,End of Use,Material Processing,,,WEEE formally collected,Material,0.496,Mt,2024,UK,source_supported_secondary_analysis,true,false,primary,weee,Electrical / Electronic Equipment,,uk_weee_2024,collection_recycling_flow,MATERIAL_FOCUS_WEEE_2024,Material Focus — UK e-waste data trends 2018–2024,https://materialfocus.org.uk/report-and-research/uk-e-waste-data-trends-2018-2024/,Total WEEE collections ~496 kt in 2024,Use the Environment Agency WEEE dataset as the preferred machine-readable update source in future.,,high,2026-07-24,,,,https://materialfocus.org.uk/report-and-research/uk-e-waste-data-trends-2018-2024/ | https://www.gov.uk/government/statistical-data-sets/waste-electrical-and-electronic-equipment-weee-in-the-uk,Electrical and electronic waste formally collected,The reported mass of electrical and electronic waste entering formal collection in 2024; collection does not prove that all material was successfully recycled.,"Electrical and electronic products contain valuable and hazardous materials. Formal collection can improve recovery and reduce unsafe disposal, but collection does not guarantee complete material recycling.",Collection only,"0.496 Mt electrical and electronic waste | Formally collected | UK, 2024",Material Focus — UK e-waste data trends 2018–2024 (data: 2024)
UK-WEEE-003,End of Use,Other / Uncaptured WEEE,,,Estimated WEEE outside formal collection,Material,,Mt,mixed benchmark,UK,derived_estimate_mixed_year,true,false,secondary,weee,Electrical / Electronic Equipment,,uk_weee_estimate,estimated_gap,UN_EWASTE+MATERIAL_FOCUS,Global E-waste Monitor estimate + Material Focus collection trend,https://materialfocus.org.uk/report-and-research/uk-e-waste-data-trends-2018-2024/,,"Illustrative gap = 1.6 Mt generation benchmark − 0.496 Mt 2024 formal collections = 1.104 Mt. Years/methods differ, so treat only as a scale indicator, not a formal balance.",,low,2026-07-24,,,1.104,https://publications.parliament.uk/pa/cm5801/cmselect/cmenvaud/220/22010.htm | https://materialfocus.org.uk/report-and-research/uk-e-waste-data-trends-2018-2024/,Electrical and electronic waste outside formal collection,"An illustrative estimate of electrical and electronic waste outside formal collection, calculated from mixed-year generation and collection evidence.","Electrical and electronic products contain valuable and hazardous materials. Formal collection can improve recovery and reduce unsafe disposal, but collection does not guarantee complete material recycling.",Recovery unspecified,1.104 Mt electrical and electronic waste | Outside formal collection estimate,Global E-waste Monitor estimate + Material Focus collection trend (data period: mixed benchmark; checked: 2026-07-24)
UK-WEEE-D001,End of Use,Landfill / Incineration,,,WEEE discarded in domestic bins,Material,0.155,Mt,2017,UK,source_supported_estimate,true,false,drilldown,weee_routes,Electrical / Electronic Equipment,,uk_weee_routes_historical,constituent_drilldown,UK_PARLIAMENT_WEEE,UK Parliament Environmental Audit Committee,https://publications.parliament.uk/pa/cm5801/cmselect/cmenvaud/220/22010.htm,"155,000 t thrown away in domestic bins in 2017",,,high,2026-07-24,,,,,Electrical and electronic waste discarded in domestic bins,The estimated mass of electrical and electronic waste discarded in domestic bins.,Uncontrolled disposal can lose valuable metals and expose hazardous substances; the source quantifies the route rather than the resulting ecological damage.,Not applicable,"0.155 Mt electrical waste | Domestic bins | UK, 2017",UK Parliament Environmental Audit Committee (data: 2017)
UK-WEEE-D002,End of Use,Other / Uncaptured WEEE,,,Commercial electrical waste in skips,Material,0.145,Mt,2017,UK,source_supported_estimate,true,false,drilldown,weee_routes,Electrical / Electronic Equipment,,uk_weee_routes_historical,constituent_drilldown,UK_PARLIAMENT_WEEE,UK Parliament Environmental Audit Committee,https://publications.parliament.uk/pa/cm5801/cmselect/cmenvaud/220/22010.htm,"145,000 t commercial electrical waste in skips with no evidence of recycling in 2017",,,high,2026-07-24,,,,,Commercial electrical waste in skips,The estimated mass of commercial electrical waste placed in skips without evidence of recycling.,Uncontrolled disposal can lose valuable metals and expose hazardous substances; the source quantifies the route rather than the resulting ecological damage.,Not applicable,"0.145 Mt commercial electrical waste | Uncaptured route | UK, 2017",UK Parliament Environmental Audit Committee (data: 2017)
UK-ELV-001,Use / Consumption,End of Use,,,End-of-life vehicles,Material,1.589882,Mt,2018,UK,source_supported,true,false,primary,vehicles,Vehicles / Transport Products,true,uk_elv_2018,end_of_use_stream,DEFRA_ELV_2018,UK End-of-Life Vehicles Waste Statistics,https://assets.publishing.service.gov.uk/media/5fe1e48bd3bf7f089f999887/elv-waste-statistics-2018.ods,"1,589,882 tonnes end-of-life vehicles",,,high,2026-07-24,,,,,End-of-life vehicles,The reported total mass of vehicles entering the UK end-of-life vehicle system.,"Vehicles contain large material stocks and hazardous fluids. Direct component reuse retains more value than shredding, while recycling still requires sorting and reprocessing.",Not applicable,"1.59 Mt end-of-life vehicles | UK, 2018",UK End-of-Life Vehicles Waste Statistics (data: 2018)
UK-ELV-002,End of Use,Reuse,,,ELV reuse,Material,0.039883,Mt,2018,UK,source_supported,true,false,secondary,vehicles,Vehicles / Transport Products,,uk_elv_2018,reuse_flow,DEFRA_ELV_2018,UK End-of-Life Vehicles Waste Statistics,https://assets.publishing.service.gov.uk/media/5fe1e48bd3bf7f089f999887/elv-waste-statistics-2018.ods,"39,883 tonnes reuse",,,high,2026-07-24,,,,,End-of-life vehicle reuse,The reported mass classified as reuse within the UK end-of-life vehicle system; the dataset does not identify the individual reused parts.,"Vehicles contain large material stocks and hazardous fluids. Direct component reuse retains more value than shredding, while recycling still requires sorting and reprocessing.",Direct reuse,"39,883 tonnes vehicle reuse | UK, 2018",UK End-of-Life Vehicles Waste Statistics (data: 2018)
UK-ELV-003,End of Use,Material Processing,,,ELV recycling,Material,1.314125,Mt,2018,UK,source_supported,true,false,secondary,vehicles,Vehicles / Transport Products,,uk_elv_2018,recycling_flow,DEFRA_ELV_2018,UK End-of-Life Vehicles Waste Statistics,https://assets.publishing.service.gov.uk/media/5fe1e48bd3bf7f089f999887/elv-waste-statistics-2018.ods,"1,314,125 tonnes recycling",,,high,2026-07-24,,,,,End-of-life vehicle recycling,The reported mass of end-of-life vehicle material classified as recycled.,"Vehicles contain large material stocks and hazardous fluids. Direct component reuse retains more value than shredding, while recycling still requires sorting and reprocessing.",Recycling,"1.314 Mt vehicle material recycled | UK, 2018",UK End-of-Life Vehicles Waste Statistics (data: 2018)
UK-ELV-004,End of Use,Other Treatment / Losses,,,ELV non-reuse/non-recycling remainder,Material,,Mt,2018,UK,derived_from_source_supported,true,false,secondary,vehicles,Vehicles / Transport Products,,uk_elv_2018,derived_terminal_flow,DEFRA_ELV_2018,UK End-of-Life Vehicles Waste Statistics,https://assets.publishing.service.gov.uk/media/5fe1e48bd3bf7f089f999887/elv-waste-statistics-2018.ods,,Derived = 1.589882 − 0.039883 − 1.314125 = 0.235874 Mt. May include recovery/disposal routes not represented separately.,,high,2026-07-24,,,0.235874,https://assets.publishing.service.gov.uk/media/5fe1e48bd3bf7f089f999887/elv-waste-statistics-2018.ods,End-of-life vehicle non-reuse/non-recycling remainder,The derived remainder of end-of-life vehicle mass not classified as reuse or recycling.,"Vehicles contain large material stocks and hazardous fluids. Direct component reuse retains more value than shredding, while recycling still requires sorting and reprocessing.",Recovery unspecified,"0.236 Mt vehicle material | Other treatment or loss | UK, 2018",UK End-of-Life Vehicles Waste Statistics (data: 2018)
UK-CDW-001,Use / Consumption,End of Use,,,Non-hazardous construction & demolition waste,Material,59.4,Mt,2020,UK,mixed_stage_proxy,true,false,drilldown,built_structures_eou,Built Structures,false,uk_cd_2020,contextual_large_stream,DEFRA_UK_WASTE_2025,Defra UK statistics on waste,https://www.gov.uk/government/statistics/uk-waste-data/uk-statistics-on-waste,UK 2020 non-hazardous C&D waste 59.4 Mt,C&D includes construction-stage and demolition/end-of-life waste. It is shown only as a drill-down/context stream and must NOT be interpreted as 59.4 Mt of buildings reaching End of Use.,,low for Use→End mapping,2026-07-24,,,,,Non-hazardous construction and demolition waste,"The reported mass of non-hazardous construction and demolition waste, combining construction-stage and demolition material.","Construction and demolition flows are large and can create dust, transport, land and resource impacts. Recovery may include low-grade aggregate use rather than direct component reuse.",Not applicable,"59.4 Mt construction and demolition waste | UK, 2020",Defra UK statistics on waste (data: 2020)
UK-CDW-002,End of Use,Material Processing,,,C&D recovered,Material,55.0,Mt,2020,UK,source_supported,true,false,drilldown,built_structures_eou,Construction & Demolition Material,,uk_cd_2020,recovery_stream,DEFRA_UK_WASTE_2025,Defra UK statistics on waste,https://www.gov.uk/government/statistics/uk-waste-data/uk-statistics-on-waste,55.0 Mt recovered from 59.4 Mt non-hazardous C&D waste,Recovery is broad and may include backfilling/aggregate routes; not necessarily closed-loop building-to-building reuse.,,high for waste statistic,2026-07-24,,,,,Construction and demolition material recovered,The reported mass of construction and demolition waste classed as recovered; recovery may include aggregate use or backfilling rather than direct building-component reuse.,"Construction and demolition flows are large and can create dust, transport, land and resource impacts. Recovery may include low-grade aggregate use rather than direct component reuse.",Recovery unspecified,"55 Mt construction and demolition material recovered | UK, 2020",Defra UK statistics on waste (data: 2020)
UK-CDW-003,End of Use,Other Treatment / Losses,,,C&D unrecovered remainder,Material,,Mt,2020,UK,derived_from_source_supported,true,false,drilldown,built_structures_eou,Construction & Demolition Material,,uk_cd_2020,derived_terminal_flow,DEFRA_UK_WASTE_2025,Defra UK statistics on waste,https://www.gov.uk/government/statistics/uk-waste-data/uk-statistics-on-waste,,Derived = 59.4 − 55.0 = 4.4 Mt.,,high,2026-07-24,,,4.4,https://www.gov.uk/government/statistics/uk-waste-data/uk-statistics-on-waste,Construction and demolition unrecovered remainder,The derived remainder of non-hazardous construction and demolition waste not recorded as recovered.,"Construction and demolition flows are large and can create dust, transport, land and resource impacts. Recovery may include low-grade aggregate use rather than direct component reuse.",Recovery unspecified,"4.4 Mt construction and demolition material | Unrecovered remainder | UK, 2020",Defra UK statistics on waste (data: 2020)
UK-INDW-001,Fabrication / Manufacture,Waste / Losses,,,Industrial waste generation — broad proxy,Material,12.4,Mt,2020,UK,source_supported_broad_proxy,true,false,secondary,industrial_waste,Industrial Waste,,uk_industrial_waste_2020,broad_stage_proxy,DEFRA_UK_WASTE_2025,Defra UK statistics on waste,https://www.gov.uk/government/statistics/uk-waste-data/uk-statistics-on-waste,2020 UK industrial waste 12.4 Mt,Broad industrial-waste estimate across multiple industrial activities. It is a useful scale indicator for fabrication/process losses but cannot be assigned wholly to one material chain.,,medium,2026-07-24,,,,,Industrial waste generation — broad proxy,A broad estimate of industrial waste generated across UK industrial activities.,"Industrial waste represents material and energy already invested but not retained in useful products. Its ecological effect depends on composition, toxicity and treatment route.",Not applicable,12.4 Mt industrial waste | Broad UK proxy | 2020,Defra UK statistics on waste (data: 2020)
UK-ENE-000,Energy,Industrial Transformation — total,,,UK industrial final energy consumption,Energy,19.5,Mtoe,2024,UK,source_supported,false,false,evidence_only,energy_overview,,,uk_industry_energy_2024,anchor_total,DESNZ_ECUK_2025,DESNZ Energy Consumption in the UK 2025,https://www.gov.uk/government/statistics/energy-consumption-in-the-uk-2025/energy-consumption-in-the-uk-ecuk-2025,Industry final energy consumption 19.5 Mtoe in 2024,Anchor total used to create explicit designer estimates for broad stages using MIT relational proportions.,,high,2026-07-24,,,,,UK industrial final energy consumption,The reported total final energy consumed by UK industry across all fuels.,"Industrial energy demand drives fuel extraction, infrastructure and emissions; impacts depend on fuel mix and cannot be compared directly with material mass.",Not applicable,"19.5 Mtoe industrial energy | UK, 2024",DESNZ Energy Consumption in the UK 2025 (data: 2024)
UK-ENE-STAGE-001,Energy,Extraction,,,Estimated energy input — Extraction,Energy,,Mtoe,2024,UK,designer_estimate_mit_scaled,true,false,primary,energy_stage_estimates,,,uk_industry_energy_2024_estimate,estimated_stage_input,DESNZ_ECUK+MIT_GLOBAL,DESNZ ECUK 2025 + MIT global Sankey stage proportions,https://www.gov.uk/government/statistics/energy-consumption-in-the-uk-2025/energy-consumption-in-the-uk-ecuk-2025,,"Estimate = UK industry final energy 19.5 Mtoe × MIT global stage-energy share 0.0939 = 1.831 Mtoe. This is an explicit designer allocation, not an official UK stage statistic.",Used to ensure Energy visibly enters all major industrial transformation stages while preserving uncertainty.,low,2026-07-24,,,1.831,https://www.gov.uk/government/statistics/energy-consumption-in-the-uk-2025/energy-consumption-in-the-uk-ecuk-2025 | MIT test dataset energy links,Estimated energy input — Extraction,An estimate of industrial energy allocated to extraction using the global MIT stage-energy proportions.,Energy use contributes to emissions and upstream resource demand. This stage allocation is an explicit estimate and does not represent direct metering.,Not applicable,"1.831 Mtoe | Extraction energy estimate | UK, 2024",DESNZ ECUK 2025 + MIT global Sankey stage proportions (data: 2024)
UK-ENE-STAGE-002,Energy,Material Processing,,,Estimated energy input — Material Processing,Energy,,Mtoe,2024,UK,designer_estimate_mit_scaled,true,false,primary,energy_stage_estimates,,,uk_industry_energy_2024_estimate,estimated_stage_input,DESNZ_ECUK+MIT_GLOBAL,DESNZ ECUK 2025 + MIT global Sankey stage proportions,https://www.gov.uk/government/statistics/energy-consumption-in-the-uk-2025/energy-consumption-in-the-uk-ecuk-2025,,"Estimate = UK industry final energy 19.5 Mtoe × MIT global stage-energy share 0.6385 = 12.451 Mtoe. This is an explicit designer allocation, not an official UK stage statistic.",Used to ensure Energy visibly enters all major industrial transformation stages while preserving uncertainty.,low,2026-07-24,,,12.451,https://www.gov.uk/government/statistics/energy-consumption-in-the-uk-2025/energy-consumption-in-the-uk-ecuk-2025 | MIT test dataset energy links,Estimated energy input — Material Processing,An estimate of industrial energy allocated to material processing using the global MIT stage-energy proportions.,Energy use contributes to emissions and upstream resource demand. This stage allocation is an explicit estimate and does not represent direct metering.,Not applicable,"12.451 Mtoe | Processing energy estimate | UK, 2024",DESNZ ECUK 2025 + MIT global Sankey stage proportions (data: 2024)
UK-ENE-STAGE-003,Energy,Fabrication / Manufacture,,,Estimated energy input — Fabrication / Manufacture,Energy,,Mtoe,2024,UK,designer_estimate_mit_scaled,true,false,primary,energy_stage_estimates,,,uk_industry_energy_2024_estimate,estimated_stage_input,DESNZ_ECUK+MIT_GLOBAL,DESNZ ECUK 2025 + MIT global Sankey stage proportions,https://www.gov.uk/government/statistics/energy-consumption-in-the-uk-2025/energy-consumption-in-the-uk-ecuk-2025,,"Estimate = UK industry final energy 19.5 Mtoe × MIT global stage-energy share 0.2676 = 5.218 Mtoe. This is an explicit designer allocation, not an official UK stage statistic.",Used to ensure Energy visibly enters all major industrial transformation stages while preserving uncertainty.,low,2026-07-24,,,5.218,https://www.gov.uk/government/statistics/energy-consumption-in-the-uk-2025/energy-consumption-in-the-uk-ecuk-2025 | MIT test dataset energy links,Estimated energy input — Fabrication / Manufacture,An estimate of industrial energy allocated to fabrication and manufacture using the global MIT stage-energy proportions.,Energy use contributes to emissions and upstream resource demand. This stage allocation is an explicit estimate and does not represent direct metering.,Not applicable,"5.218 Mtoe | Fabrication energy estimate | UK, 2024",DESNZ ECUK 2025 + MIT global Sankey stage proportions (data: 2024)
UK-ENE-FUEL-001,Energy,Industrial Transformation — total,,,Industry energy — Coal & manufactured fuels,Energy,0.6,Mtoe,2024,UK,source_supported,true,false,drilldown,energy_fuel_mix,,,uk_industry_energy_2024,constituent_drilldown,DESNZ_UK_EIB_2025,UK Energy in Brief 2025,https://assets.publishing.service.gov.uk/media/688890c3a11f859994409132/UK_Energy_in_Brief_2025.pdf,2024 industry final energy — Coal & manufactured fuels: 0.6 Mtoe,Fuel-mix drilldown of 19.5 Mtoe industry total; do not add on top of total.,,high,2026-07-24,,,,,Coal and manufactured fuels,The reported coal and manufactured-fuel share of UK industrial final energy consumption.,"The ecological impact depends on the fuel: fossil fuels create direct greenhouse-gas and air-pollution burdens, while electricity and bioenergy depend on their generation and sourcing.",Not applicable,"0.6 Mtoe coal and manufactured fuels | UK industry, 2024",UK Energy in Brief 2025 (data: 2024)
UK-ENE-FUEL-002,Energy,Industrial Transformation — total,,,Industry energy — Oil,Energy,2.1,Mtoe,2024,UK,source_supported,true,false,drilldown,energy_fuel_mix,,,uk_industry_energy_2024,constituent_drilldown,DESNZ_UK_EIB_2025,UK Energy in Brief 2025,https://assets.publishing.service.gov.uk/media/688890c3a11f859994409132/UK_Energy_in_Brief_2025.pdf,2024 industry final energy — Oil: 2.1 Mtoe,Fuel-mix drilldown of 19.5 Mtoe industry total; do not add on top of total.,,high,2026-07-24,,,,,Oil,The reported oil share of UK industrial final energy consumption.,"The ecological impact depends on the fuel: fossil fuels create direct greenhouse-gas and air-pollution burdens, while electricity and bioenergy depend on their generation and sourcing.",Not applicable,"2.1 Mtoe oil | UK industry, 2024",UK Energy in Brief 2025 (data: 2024)
UK-ENE-FUEL-003,Energy,Industrial Transformation — total,,,Industry energy — Gas,Energy,7.3,Mtoe,2024,UK,source_supported,true,false,drilldown,energy_fuel_mix,,,uk_industry_energy_2024,constituent_drilldown,DESNZ_UK_EIB_2025,UK Energy in Brief 2025,https://assets.publishing.service.gov.uk/media/688890c3a11f859994409132/UK_Energy_in_Brief_2025.pdf,2024 industry final energy — Gas: 7.3 Mtoe,Fuel-mix drilldown of 19.5 Mtoe industry total; do not add on top of total.,,high,2026-07-24,,,,,Gas,The reported gas share of UK industrial final energy consumption.,"The ecological impact depends on the fuel: fossil fuels create direct greenhouse-gas and air-pollution burdens, while electricity and bioenergy depend on their generation and sourcing.",Not applicable,"7.3 Mtoe gas | UK industry, 2024",UK Energy in Brief 2025 (data: 2024)
UK-ENE-FUEL-004,Energy,Industrial Transformation — total,,,Industry energy — Electricity,Energy,7.1,Mtoe,2024,UK,source_supported,true,false,drilldown,energy_fuel_mix,,,uk_industry_energy_2024,constituent_drilldown,DESNZ_UK_EIB_2025,UK Energy in Brief 2025,https://assets.publishing.service.gov.uk/media/688890c3a11f859994409132/UK_Energy_in_Brief_2025.pdf,2024 industry final energy — Electricity: 7.1 Mtoe,Fuel-mix drilldown of 19.5 Mtoe industry total; do not add on top of total.,,high,2026-07-24,,,,,Electricity,The reported electricity share of UK industrial final energy consumption.,"The ecological impact depends on the fuel: fossil fuels create direct greenhouse-gas and air-pollution burdens, while electricity and bioenergy depend on their generation and sourcing.",Not applicable,"7.1 Mtoe electricity | UK industry, 2024",UK Energy in Brief 2025 (data: 2024)
UK-ENE-FUEL-005,Energy,Industrial Transformation — total,,,Industry energy — Bioenergy & heat,Energy,2.4,Mtoe,2024,UK,source_supported,true,false,drilldown,energy_fuel_mix,,,uk_industry_energy_2024,constituent_drilldown,DESNZ_UK_EIB_2025,UK Energy in Brief 2025,https://assets.publishing.service.gov.uk/media/688890c3a11f859994409132/UK_Energy_in_Brief_2025.pdf,2024 industry final energy — Bioenergy & heat: 2.4 Mtoe,Fuel-mix drilldown of 19.5 Mtoe industry total; do not add on top of total.,,high,2026-07-24,,,,,Bioenergy and heat,The reported bioenergy and heat share of UK industrial final energy consumption.,"The ecological impact depends on the fuel: fossil fuels create direct greenhouse-gas and air-pollution burdens, while electricity and bioenergy depend on their generation and sourcing.",Not applicable,"2.4 Mtoe bioenergy and heat | UK industry, 2024",UK Energy in Brief 2025 (data: 2024)
UK-ENE-UNRES-001,Energy,Use / Consumption,,,Energy input — Use / Consumption,Energy,,,,,unresolved_product_dependent,false,false,structural,energy_unresolved,,,,structural_optional,,,,,Energy demand is product/process dependent. Do not assign generic industry/domestic energy totals to this stage without a product-specific boundary.,,conceptual,2026-07-24,,,,,Energy input — Use / Consumption,"A known but unquantified relationship representing energy used while products are operated, maintained or consumed.","The relationship acknowledges energy demand, but no defensible quantity is assigned. Ecological impact therefore remains unresolved in this overview.",Not applicable,Use-stage energy | Quantity unresolved | Product dependent,Source not supplied
UK-ENE-UNRES-002,Energy,End of Use,,,Energy input — End of Use,Energy,,,,,unresolved_product_dependent,false,false,structural,energy_unresolved,,,,structural_optional,,,,,Energy demand is product/process dependent. Do not assign generic industry/domestic energy totals to this stage without a product-specific boundary.,,conceptual,2026-07-24,,,,,Energy input — End of Use,"A known but unquantified relationship representing energy used in collection, sorting, reuse, recycling and disposal.","The relationship acknowledges energy demand, but no defensible quantity is assigned. Ecological impact therefore remains unresolved in this overview.",Not applicable,End-of-use energy | Quantity unresolved | Not to scale,Source not supplied
UK-GHG-000,Manufacturing — total,Atmospheric Emissions,,,Manufacturing GHG emissions,Emissions,65,MtCO2e,2024 provisional,UK residence basis,source_supported_provisional,false,false,evidence_only,emissions_overview,,,uk_manufacturing_ghg_2024,anchor_total,ONS_GHG_2024,"ONS Greenhouse gas emissions, UK: provisional estimates, 2024",https://www.ons.gov.uk/economy/environmentalaccounts/bulletins/greenhousegasintensityprovisionalestimatesuk/2024,Manufacturing emissions fell from 70 MtCO2e in 2023 to 65 MtCO2e in 2024,,,high,2026-07-24,,,,,Manufacturing greenhouse-gas emissions,The provisional total greenhouse-gas emissions attributed to UK manufacturing on a residence basis.,"Greenhouse-gas emissions contribute to climate change; this overview total does not describe local pollution, habitat effects or embodied impacts outside the UK boundary.",Not applicable,"65 MtCO₂e manufacturing emissions | UK, 2024 provisional","ONS Greenhouse gas emissions, UK: provisional estimates, 2024 (data: 2024 provisional)"
UK-GHG-001,Material Processing,Atmospheric Emissions,,,Estimated processing-stage GHG,Emissions,,MtCO2e,2024,UK,designer_estimate_energy_share,true,false,primary,emissions_stage_estimates,,,uk_manufacturing_ghg_2024_estimate,estimated_stage_output,ONS_GHG+MIT_GLOBAL,ONS manufacturing GHG total + MIT global stage-energy proportions,https://www.ons.gov.uk/economy/environmentalaccounts/bulletins/greenhousegasintensityprovisionalestimatesuk/2024,,Estimate allocates the 65 MtCO2e manufacturing total between Material Processing and Fabrication using MIT energy-use proportions for those two stages. Processing share 0.7047 → 45.803 MtCO2e. This is a design estimate and process emissions do not necessarily scale with energy use.,,low,2026-07-24,,,45.803,https://www.ons.gov.uk/economy/environmentalaccounts/bulletins/greenhousegasintensityprovisionalestimatesuk/2024 | MIT test dataset energy-stage relationships,Estimated processing-stage greenhouse-gas emissions,"An estimated allocation of UK manufacturing greenhouse-gas emissions to material processing, based on stage-energy proportions.","These emissions contribute to climate change, but the stage split is estimated from energy proportions and should not be read as an official inventory allocation.",Not applicable,"45.803 MtCO₂e | Processing-stage estimate | UK, 2024",ONS manufacturing GHG total + MIT global stage-energy proportions (data: 2024)
UK-GHG-002,Fabrication / Manufacture,Atmospheric Emissions,,,Estimated fabrication-stage GHG,Emissions,,MtCO2e,2024,UK,designer_estimate_energy_share,true,false,primary,emissions_stage_estimates,,,uk_manufacturing_ghg_2024_estimate,estimated_stage_output,ONS_GHG+MIT_GLOBAL,ONS manufacturing GHG total + MIT global stage-energy proportions,https://www.ons.gov.uk/economy/environmentalaccounts/bulletins/greenhousegasintensityprovisionalestimatesuk/2024,,Complementary estimate = 65 − 45.803 = 19.197 MtCO2e. Not an official UK stage statistic.,,low,2026-07-24,,,19.197,https://www.ons.gov.uk/economy/environmentalaccounts/bulletins/greenhousegasintensityprovisionalestimatesuk/2024 | MIT test dataset energy-stage relationships,Estimated fabrication-stage greenhouse-gas emissions,"An estimated allocation of UK manufacturing greenhouse-gas emissions to fabrication and manufacture, based on stage-energy proportions.","These emissions contribute to climate change, but the stage split is estimated from energy proportions and should not be read as an official inventory allocation.",Not applicable,"19.197 MtCO₂e | Fabrication-stage estimate | UK, 2024",ONS manufacturing GHG total + MIT global stage-energy proportions (data: 2024)
UK-GHG-003,Extraction,Atmospheric Emissions,,,Extraction-stage GHG,Emissions,,,,,source_mapping_pending,false,false,structural,emissions_unresolved,,,ons_ghg_sic_mapping,structural_required,ONS_GHG_INDUSTRY,ONS atmospheric emissions by industry and gas,https://www.ons.gov.uk/economy/environmentalaccounts/datasets/ukenvironmentalaccountsatmosphericemissionsgreenhousegasemissionsbyeconomicsectorandgasunitedkingdom/current,,Needs SIC mining/quarrying extraction mapping. Do not use total manufacturing GHG for extraction.,,pending,2026-07-24,,,,,Extraction-stage greenhouse-gas emissions,A recognised but unquantified atmospheric-emissions relationship associated with extraction and quarrying.,"Atmospheric impacts are known to occur, but the current model does not yet assign a defensible quantity to this stage.",Not applicable,Extraction emissions | Quantity unresolved | Not to scale,ONS atmospheric emissions by industry and gas (checked: 2026-07-24; data year not specified)
UK-GHG-004,Use / Consumption,Atmospheric Emissions,,,Use-stage operational GHG,Emissions,,,,,product_dependent_placeholder,false,false,structural,emissions_unresolved,,,,structural_optional,,,,,"Operational emissions vary radically by product: passive furniture/prosthetics versus vehicles, appliances and buildings. Quantify only in drill-down case studies.",,conceptual,2026-07-24,,,,,Use-stage operational greenhouse-gas emissions,A recognised but unquantified relationship for emissions created while products are used or operated; values vary greatly by product type.,"Atmospheric impacts are known to occur, but the current model does not yet assign a defensible quantity to this stage.",Not applicable,Use-stage emissions | Quantity unresolved | Product dependent,Source not supplied
UK-GHG-005,End of Use,Atmospheric Emissions,,,End-of-use treatment GHG,Emissions,,,,,source_mapping_pending,false,false,structural,emissions_unresolved,,,,structural_required,UK_GHG_CONVERSION_FACTORS_2026,UK Government GHG Conversion Factors 2026,https://www.gov.uk/government/publications/greenhouse-gas-reporting-conversion-factors-2026,,Can later derive stage treatment emissions from waste quantities and route-specific conversion factors. Do not invent before treatment routes are mapped.,,pending,2026-07-24,,,,,End-of-use treatment greenhouse-gas emissions,"A recognised but unquantified relationship for emissions from collection, sorting, recycling, incineration and other end-of-use treatment.","Atmospheric impacts are known to occur, but the current model does not yet assign a defensible quantity to this stage.",Not applicable,End-of-use emissions | Quantity unresolved | Not to scale,UK Government GHG Conversion Factors 2026 (checked: 2026-07-24; data year not specified)
UK-TRN-001,Distribution / Transport,Material Movement Service,,,Domestic freight moved,TransportService,206,billion tonne-km,2024,UK,source_supported,true,false,secondary,distribution_transport,,,uk_freight_2024,service_overlay,DFT_FREIGHT_2024,DfT Transport Statistics Great Britain — Freight,https://www.gov.uk/government/statistics/transport-statistics-great-britain-2025/transport-statistics-great-britain-2024-freight,206 billion tonne-km domestic freight moved; 82% by road,"All domestic freight, not just manufactured products. Show as a separate service overlay, never as a material mass backbone quantity.",,medium,2026-07-24,,,,,Domestic freight moved,"The reported movement of all domestic freight in the UK, measured as tonne-kilometres rather than material mass.","Freight uses energy, creates emissions, noise and infrastructure pressures. The dataset covers broad freight activity and is not limited to the materials shown here.",Not applicable,"206 billion tonne-km freight | All domestic freight | UK, 2024",DfT Transport Statistics Great Britain — Freight (data: 2024)
UK-TRN-002,Distribution / Transport,Atmospheric Emissions,,,HGV GHG emissions — freight proxy,Emissions,18.4,MtCO2e,2024,UK domestic transport,source_supported_scope_proxy,true,false,secondary,distribution_transport,,,uk_hgv_ghg_2024,transport_emissions_proxy,DFT_TRANSPORT_GHG_2024,DfT Greenhouse gas emissions from transport in 2024,https://www.gov.uk/government/statistics/transport-and-environment-statistics-2024--2/greenhouse-gas-emissions-from-transport-in-2024,HGVs emitted 18.4 MtCO2e in 2024,HGV emissions are a broad freight proxy; not all HGV activity distributes manufactured goods represented in this Sankey.,,medium,2026-07-24,,,,,Heavy goods vehicle greenhouse-gas emissions — freight proxy,"The reported greenhouse-gas emissions from heavy goods vehicles, used here as a broad freight-emissions proxy.","Freight uses energy, creates emissions, noise and infrastructure pressures. The dataset covers broad freight activity and is not limited to the materials shown here.",Not applicable,"18.4 MtCO₂e heavy goods vehicles | Freight proxy | UK, 2024",DfT Greenhouse gas emissions from transport in 2024 (data: 2024)
UK-TRN-003,Energy,Distribution / Transport,,,Transport energy for distribution,Energy,,,,,scope_mapping_pending,false,false,structural,distribution_transport,,,,structural_required,DESNZ_ECUK_2025,DESNZ Energy Consumption in the UK,https://www.gov.uk/government/statistics/energy-consumption-in-the-uk-2025/energy-consumption-in-the-uk-ecuk-2025,,"Transport energy exists, but total transport energy includes passenger transport and aviation. Await freight-specific allocation rather than using all 54.0 Mtoe.",,pending,2026-07-24,,,,,Transport energy for distribution,A known but unquantified relationship representing the energy used to move materials and products between stages.,"Freight uses energy, creates emissions, noise and infrastructure pressures. The dataset covers broad freight activity and is not limited to the materials shown here.",Not applicable,Freight energy | Quantity unresolved | Not to scale,DESNZ Energy Consumption in the UK (checked: 2026-07-24; data year not specified)
UK-CONTEXT-001,Multiple stages,Land Disturbance,,,Land Disturbance,ContextualImpact,,ha,,,conceptual_placeholder,false,false,annotation,contextual_impacts,,,,annotation,,,,,"Potentially quantifiable for quarrying/mining, landfill and site-specific case studies. Needs consistent stage boundary.",,conceptual,2026-07-24,,,,,Land Disturbance,"A placeholder for land disturbed by extraction, processing, infrastructure or disposal; no consistent quantity is assigned.",This relationship is included as a research prompt rather than a measured flow; a consistent metric and system boundary are still required.,Not applicable,Land disturbance | Conceptual placeholder | No common metric,No direct quantitative source — conceptual or structural relationship
UK-CONTEXT-002,Multiple stages,Habitat Loss,,,Habitat Loss,ContextualImpact,,ha / condition metric,,,conceptual_placeholder,false,false,annotation,contextual_impacts,,,,annotation,,,,,Requires habitat-specific attribution; avoid converting generic extraction tonnage into habitat loss without spatial evidence.,,conceptual,2026-07-24,,,,,Habitat Loss,A placeholder for habitat loss or degradation associated with material systems; no consistent quantity is assigned.,This relationship is included as a research prompt rather than a measured flow; a consistent metric and system boundary are still required.,Not applicable,Habitat loss | Conceptual placeholder | No common metric,No direct quantitative source — conceptual or structural relationship
UK-CONTEXT-003,Multiple stages,Species Loss,,,Species Loss,ContextualImpact,,indicator / count,,,conceptual_placeholder,false,false,annotation,contextual_impacts,,,,annotation,,,,,Causal attribution to each manufacturing stage is complex; keep as annotation until a defensible indicator is selected.,,conceptual,2026-07-24,,,,,Species Loss,A placeholder for species-level effects associated with material systems; no consistent quantity is assigned.,This relationship is included as a research prompt rather than a measured flow; a consistent metric and system boundary are still required.,Not applicable,Species loss | Conceptual placeholder | No common metric,No direct quantitative source — conceptual or structural relationship
UK-CONTEXT-004,Multiple stages,Labour Exploitation,,,Labour Exploitation,ContextualImpact,,social indicator,,,conceptual_placeholder,false,false,annotation,contextual_impacts,,,,annotation,,,,,Important critical relationship but not commensurate with material/energy ribbons. Requires a defined social-risk metric.,,conceptual,2026-07-24,,,,,Labour Exploitation,A placeholder for labour exploitation and unequal social risk within material supply chains; no quantitative indicator is assigned.,This relationship is included as a research prompt rather than a measured flow; a consistent metric and system boundary are still required.,Not applicable,Labour exploitation | Conceptual placeholder | No common metric,No direct quantitative source — conceptual or structural relationship
